date,kcal,protein_g,carbs_g,fat_g,fiber_g,sugar_g
2023-08-16,1993.96,92.84,199.53,84.46,18.96,33.76
2023-08-17,2201.7,135.18,198.32,94.59,7.5,53.33
2023-08-18,2628.5,217.36,148.67,126.01,2.35,26.36
2023-08-19,2151.58,124.32,200.33,75.62,12.44,70.11
2023-08-20,2362.0,165.7,224.44,77.0,14.92,57.07
2023-08-21,2275.42,215.1,110.48,93.57,6.93,27.33
2023-08-22,1976.93,149.75,148.28,79.73,22.26,47.8
2023-08-23,2226.7,167.6,194.57,85.7,15.0,44.65
2023-08-24,2626.33,161.56,290.62,87.19,10.22,166.3
2023-08-25,2675.36,194.86,155.46,132.58,9.05,68.32
2023-08-26,3245.05,147.95,243.8,129.21,15.34,63.38
2023-08-27,1607.8,96.35,152.0,56.45,0.0,38.5
2023-08-28,2133.85,141.15,164.48,101.25,11.07,8.82
2023-08-29,2250.09,119.09,206.16,103.67,12.89,8.24
2023-08-30,3135.7,168.2,416.63,85.53,30.03,28.53
2023-08-31,2462.55,127.54,147.3,145.73,41.5,58.82
2023-09-01,2287.46,187.68,114.69,117.91,12.1,28.05
2023-09-02,1896.0,145.76,77.25,108.24,22.15,61.21
2023-09-03,1014.0,143.3,33.15,36.1,2.7,30.25
2023-09-04,2086.92,236.48,157.69,52.58,13.27,39.43
2023-09-05,2034.79,145.58,185.59,77.46,16.37,35.76
2023-09-06,645.0,77.4,65.3,8.4,4.9,32.1
2023-09-07,1461.4,94.76,166.29,44.12,10.76,37.56
2023-09-09,2060.0,69.67,233.33,89.33,3.5,11.0
2023-09-15,1551.75,77.06,131.23,78.02,7.84,41.92
2023-09-19,269.0,15.5,14.5,16.5,0.0,11.5
2023-09-22,997.2,45.97,47.23,69.64,1.2,0.0
2023-09-29,1287.0,41.58,93.06,81.18,9.9,3.96
2023-11-06,1442.75,79.71,206.47,30.37,11.15,13.01
2023-11-07,2390.16,157.72,285.65,62.84,25.97,75.75
2023-11-08,2261.0,116.8,266.61,72.58,24.24,42.12
2023-11-09,2456.36,209.46,153.4,106.98,22.85,46.41
2023-11-11,977.3,23.0,119.15,44.72,1.3,4.38
2023-11-12,1066.26,39.81,66.21,68.81,17.94,8.31
2023-11-16,2522.58,141.52,156.03,135.12,20.71,44.61
2023-11-17,1112.6,61.98,103.22,40.49,0.0,0.02
2023-11-19,2337.68,125.4,167.79,130.81,12.88,4.51
2023-11-20,2427.82,169.41,146.77,127.52,34.68,89.04
2023-11-21,519.5,26.44,34.7,32.19,3.9,18.79
2023-11-23,1714.3,198.18,107.26,55.74,3.62,32.25
2023-11-25,2877.6,249.81,231.91,103.51,32.78,3.84
2023-11-26,1714.8,169.95,120.07,61.27,15.23,9.47
2023-11-27,1905.5,151.06,168.8,70.21,2.5,59.29
2023-11-28,1391.25,121.68,99.7,56.28,0.0,26.5
2023-12-01,134.75,26.25,2.62,1.75,0.0,1.93
2023-12-04,420.0,36.0,3.0,30.0,0.0,0.0
2023-12-05,2515.4,215.44,195.18,93.79,16.03,75.18
2023-12-06,2512.95,135.72,239.47,107.52,31.05,48.84
2023-12-07,2180.28,186.9,216.57,58.47,11.37,16.23
2023-12-08,3041.78,203.39,149.42,173.26,25.75,46.11
2023-12-09,3343.54,207.89,246.05,162.98,37.86,32.83
2023-12-10,2825.5,213.77,212.24,125.29,15.68,41.09
2023-12-11,315.0,48.5,28.5,2.5,0.0,26.5
2023-12-12,1907.53,174.38,195.26,46.2,8.23,35.7
2023-12-13,1301.25,147.74,60.2,51.72,10.13,20.39
2023-12-14,2823.65,175.88,255.64,115.32,17.55,25.36
2023-12-15,2478.85,205.02,171.95,102.35,27.21,51.8
2023-12-16,2711.55,178.64,244.49,106.17,24.1,38.13
2023-12-17,1248.45,80.44,59.88,72.87,20.1,20.07
2023-12-18,2371.83,146.33,192.5,98.81,14.65,19.53
2023-12-19,1629.48,139.17,102.16,66.35,9.68,19.18
2023-12-20,1240.95,122.42,114.95,29.85,8.74,14.39
2023-12-21,2200.7,146.28,196.37,88.16,12.52,27.22
2023-12-22,1803.95,93.34,164.97,81.97,11.62,63.18
2023-12-23,2864.31,117.64,267.39,107.68,21.42,21.92
2023-12-24,2619.05,225.44,184.67,106.2,10.18,43.43
2023-12-25,2458.05,191.1,230.79,82.64,16.86,42.21
2023-12-26,2769.8,190.08,177.79,141.89,14.68,44.0
2023-12-27,2417.45,148.4,220.95,101.6,11.68,31.39
2023-12-28,3092.0,168.85,297.62,130.48,10.45,112.98
2023-12-29,2354.5,170.6,223.92,82.12,16.18,18.76
2023-12-30,2826.41,172.24,219.11,131.67,32.39,23.3
2023-12-31,2811.39,231.32,167.42,130.06,22.57,36.1
2024-01-01,2442.09,179.62,156.78,118.19,18.74,33.47
2024-01-02,2810.09,187.7,200.79,130.67,26.18,24.9
2024-01-03,1862.81,212.43,114.19,56.77,13.24,25.27
2024-01-04,2656.45,185.28,260.81,89.44,20.14,44.99
2024-01-05,2361.05,228.22,144.95,97.25,12.49,17.84
2024-01-06,3264.56,192.2,257.7,150.96,22.77,56.1
2024-01-07,2812.88,164.52,322.05,95.3,17.45,83.23
2024-01-08,2407.28,154.17,291.68,59.6,12.73,34.73
2024-01-09,2277.73,209.35,141.3,95.87,12.65,31.49
2024-01-10,3075.3,177.66,223.35,133.19,22.06,72.7
2024-01-11,2765.75,201.52,204.5,107.68,15.35,31.26
2024-01-12,2602.85,206.76,189.45,104.74,15.03,47.62
2024-01-13,2448.63,173.31,149.92,113.09,19.54,28.94
2024-01-14,2340.27,185.5,154.45,103.24,13.99,24.89
2024-01-15,2655.7,201.92,174.72,118.65,11.04,71.35
2024-01-16,2370.94,184.08,175.26,99.86,23.4,45.44
2024-01-17,2461.22,209.05,192.94,90.43,18.05,36.02
2024-01-18,2700.35,191.22,158.23,137.69,21.54,31.72
2024-01-19,2796.05,207.27,227.65,113.65,17.85,32.65
2024-01-20,2460.35,211.61,151.03,107.07,23.99,25.65
2024-01-21,1936.66,137.71,173.5,73.98,14.76,35.69
2024-01-22,336.0,64.0,2.88,7.68,0.0,2.88
2024-01-25,1296.75,62.1,123.35,58.06,6.62,6.3
2024-02-04,2243.43,181.09,96.45,118.15,6.99,13.58
2024-02-05,3058.48,241.74,275.73,104.47,20.48,46.73
2024-02-06,2377.7,175.89,229.16,76.05,30.58,28.95
2024-02-07,2427.65,209.62,130.71,114.06,14.97,25.19
2024-02-08,2291.66,226.01,154.67,80.31,15.18,20.34
2024-02-09,2311.8,182.57,125.18,111.62,13.24,24.58
2024-02-10,1593.95,146.02,149.0,42.55,8.74,14.39
2024-02-11,800.7,100.29,62.04,16.69,2.02,25.3
2024-02-12,1355.6,100.7,80.29,67.6,11.87,40.52
2024-02-13,1809.94,110.23,186.53,68.13,6.56,56.46
2024-02-14,2410.42,146.5,128.14,152.18,5.89,47.33
2024-02-15,2005.05,158.42,137.85,88.01,2.92,54.05
2024-02-16,1033.99,86.03,95.85,31.59,10.47,21.26
2024-02-17,2522.74,180.81,245.44,88.28,16.8,56.73
2024-02-18,1638.87,113.41,129.69,71.12,16.83,39.53
2024-02-19,1331.39,83.52,178.02,32.72,18.26,66.29
2024-02-20,1814.85,84.37,176.35,87.08,14.59,40.71
2024-02-21,1786.94,131.18,73.9,106.12,2.87,6.33
2024-02-22,1665.46,105.51,147.66,70.29,11.61,49.42
2024-02-23,1970.63,122.89,229.89,56.14,11.27,34.12
2024-02-24,1966.05,140.01,166.31,84.41,8.93,54.5
2024-02-25,1628.75,108.27,100.98,84.94,9.81,34.46
2024-02-26,1843.13,128.87,156.71,76.89,15.85,13.07
2024-02-27,2271.63,137.74,135.17,130.54,8.08,27.87
2024-02-28,2515.9,149.76,147.8,146.89,0.0,30.3
2024-02-29,2652.65,174.53,275.86,91.44,12.47,34.23
2024-03-01,2182.45,162.44,243.39,60.59,16.93,21.83
2024-03-02,2096.1,129.61,209.64,77.6,16.63,40.38
2024-03-03,1810.37,147.94,146.95,67.54,17.34,32.08
2024-03-04,1909.68,143.68,92.86,106.41,14.53,20.67
2024-03-05,2284.7,169.5,216.34,77.28,16.32,22.92
2024-03-06,2273.48,197.7,120.64,108.96,22.53,33.21
2024-03-07,2589.3,182.96,199.78,111.95,13.57,29.69
2024-03-08,1841.54,159.73,131.01,71.64,19.11,20.27
2024-03-09,1609.95,178.32,118.3,45.85,12.7,19.85
2024-03-10,2455.25,153.51,132.12,143.11,20.68,44.84
2024-03-11,2896.6,214.41,258.04,108.16,13.31,64.37
2024-03-12,2026.06,190.29,149.81,75.02,7.85,59.27
2024-03-13,3002.4,216.87,288.01,98.92,31.29,40.61
2024-03-14,2549.97,181.3,164.37,125.27,18.27,25.49
2024-03-15,3215.8,256.73,196.74,148.2,17.97,41.1
2024-03-16,2689.8,168.53,292.45,85.73,26.24,52.44
2024-03-17,2787.57,200.11,70.64,187.91,17.6,45.06
2024-03-18,2280.88,177.33,132.44,111.21,20.92,23.75
2024-03-19,1784.85,167.57,167.18,40.73,10.43,17.43
2024-03-20,2762.66,183.81,268.91,94.33,39.73,77.05
2024-03-21,3147.75,233.72,275.27,108.52,27.67,75.53
2024-03-22,3557.76,232.3,274.34,163.14,41.01,49.12
2024-03-23,3772.56,269.52,307.23,148.89,40.63,117.93
2024-03-24,2462.75,166.2,220.21,95.83,21.23,53.84
2024-03-25,2196.55,160.39,172.29,89.96,13.07,45.2
2024-03-26,2182.33,162.29,169.2,80.2,21.41,13.75
2024-03-27,3335.2,261.07,265.46,129.46,11.98,36.61
2024-03-28,2029.74,137.9,206.73,65.2,23.67,39.85
2024-03-29,2749.44,179.81,250.03,100.85,28.3,98.53
2024-03-30,1536.99,185.81,84.94,47.02,12.95,18.36
2024-03-31,2891.32,217.92,224.94,118.22,29.63,42.83
2024-04-01,2202.88,176.23,138.97,103.17,17.66,26.9
2024-04-02,3551.21,265.54,282.94,142.47,24.07,46.15
2024-04-03,2574.85,161.73,244.99,100.35,31.51,45.27
2024-04-04,2574.54,169.4,205.17,111.11,29.14,10.29
2024-04-05,1662.41,143.83,63.62,88.99,8.75,16.21
2024-04-06,3043.05,188.06,264.34,124.89,25.23,98.56
2024-04-07,2173.9,170.72,163.35,94.8,5.96,30.41
2024-04-08,2869.25,171.48,234.92,137.41,20.39,45.63
2024-04-09,3258.0,390.82,74.64,146.59,0.06,23.27
2024-04-10,3454.3,171.11,307.3,169.29,41.17,79.33
2024-04-11,2648.86,168.42,216.13,115.56,28.14,44.93
2024-04-12,2616.81,192.57,197.05,105.59,26.44,67.11
2024-04-13,886.56,62.41,22.24,55.36,26.18,7.28
2024-04-14,2249.54,159.75,66.37,141.26,30.72,27.9
2024-04-15,3278.25,338.38,141.85,141.41,9.0,51.79
2024-04-16,2402.28,175.75,171.93,109.89,23.37,46.07
2024-04-17,3288.43,210.6,95.24,225.87,23.78,57.1
2024-04-18,3047.12,178.67,225.12,154.98,17.23,38.58
2024-04-19,3148.73,273.77,195.38,133.74,20.25,77.61
2024-04-20,2841.4,224.69,222.81,109.96,20.38,86.85
2024-04-21,2930.62,188.22,232.39,130.46,26.14,49.23
2024-04-22,2389.65,179.83,161.58,103.12,11.76,25.18
2024-04-23,2519.3,172.58,181.35,108.45,15.27,30.73
2024-04-24,2663.72,178.24,103.82,161.87,34.98,36.3
2024-04-25,2769.97,176.5,168.29,144.31,34.7,76.18
2024-04-26,2653.15,180.82,283.27,81.65,27.84,46.96
2024-04-27,2942.96,195.55,271.7,116.82,22.75,33.41
2024-04-28,2347.45,178.31,176.01,103.67,7.82,29.49
2024-04-29,2952.74,212.34,140.15,161.62,30.22,25.47
2024-04-30,2352.22,170.89,155.13,106.75,25.43,44.56
2024-05-01,2655.13,159.83,208.36,124.16,15.3,38.87
2024-05-02,1887.75,122.68,227.83,49.42,14.11,62.56
2024-05-03,1486.34,93.93,147.94,53.56,9.21,48.42
2024-05-04,2536.56,180.63,203.07,112.56,3.26,16.02
2024-05-05,1975.17,150.25,122.19,98.59,4.18,13.14
2024-05-06,2217.69,172.8,170.87,90.16,15.83,24.58
2024-05-07,2161.3,175.54,119.35,105.26,16.33,19.84
2024-05-08,2320.25,193.48,122.98,101.56,10.72,36.79
2024-05-09,2458.66,182.1,172.97,110.67,15.6,20.87
2024-05-10,2690.33,176.86,266.44,95.47,15.0,135.25
2024-05-11,2227.49,169.52,268.03,48.17,17.72,45.97
2024-05-12,2007.0,163.48,151.46,85.07,7.27,12.24
2024-05-13,2274.26,184.95,225.69,72.16,21.27,51.72
2024-05-14,2632.07,162.51,289.46,89.05,16.87,62.76
2024-05-15,2852.45,158.24,407.59,59.03,14.6,17.45
2024-05-16,1307.05,94.9,94.88,57.01,10.98,18.17
2024-05-17,1950.2,141.27,216.53,49.3,14.47,29.72
2024-05-18,2696.46,164.07,210.92,127.72,26.79,63.98
2024-05-19,2977.15,169.02,257.35,137.47,23.49,61.39
2024-05-20,2651.04,198.79,141.97,131.26,31.94,64.91
2024-05-21,2865.14,199.26,252.31,115.45,18.55,29.06
2024-05-22,2607.94,155.73,189.49,130.18,23.49,32.25
2024-05-23,1774.69,172.94,154.64,48.92,12.66,18.78
2024-05-24,2210.5,126.32,234.08,75.4,20.24,23.77
2024-05-25,2344.99,183.21,180.55,84.83,23.68,43.31
2024-05-26,2988.06,171.28,274.66,126.39,26.3,114.92
2024-05-27,1991.27,152.54,187.54,68.72,13.05,39.9
2024-05-28,1866.18,166.39,128.61,67.67,9.68,37.84
2024-05-29,2292.65,193.18,210.8,69.27,18.53,50.41
2024-05-30,2889.35,178.56,279.5,115.58,27.89,91.95
2024-05-31,3093.52,172.37,306.44,124.4,14.0,50.76
2024-06-01,2789.74,192.78,237.12,112.71,17.16,94.83
2024-06-02,1982.04,133.06,172.36,75.8,17.54,47.96
2024-06-03,2049.75,162.75,149.95,85.88,11.99,21.54
2024-06-04,2398.7,143.28,191.51,108.19,11.59,71.07
2024-06-05,2076.07,142.94,225.64,61.02,17.7,22.04
2024-06-06,2458.69,164.94,221.52,95.68,14.69,52.64
2024-06-07,1968.23,149.97,147.41,97.25,10.11,17.59
2024-06-08,4194.2,204.97,394.85,174.82,19.55,47.01
2024-06-09,1060.11,80.03,103.91,33.37,12.87,23.54
2024-06-10,2235.4,159.62,143.99,90.97,12.86,23.98
2024-06-11,2124.9,162.84,158.4,64.7,17.48,28.78
2024-06-12,1688.5,101.62,207.23,45.5,17.19,18.51
2024-06-13,2437.41,198.8,201.91,85.06,11.86,29.69
2024-06-14,3142.65,247.49,318.55,93.6,26.65,109.88
2024-06-15,2381.28,179.44,185.49,96.46,11.92,63.59
2024-06-16,2584.13,176.53,222.56,105.2,12.34,35.56
2024-06-17,2862.05,219.62,197.04,119.19,14.33,24.88
2024-06-18,2736.22,205.65,217.18,101.87,20.54,25.41
2024-06-19,2319.65,159.5,193.07,94.16,26.99,23.82
2024-06-20,2188.45,133.49,251.09,63.11,34.49,29.13
2024-06-21,2662.15,185.01,238.38,101.56,12.55,48.43
2024-06-22,3676.33,230.03,314.12,145.16,26.29,40.52
2024-06-23,2611.0,182.12,226.3,99.89,10.21,32.86
2024-06-24,2776.8,169.59,283.15,91.57,24.18,53.66
2024-06-25,2832.65,190.21,201.03,123.95,26.71,40.09
2024-06-26,2660.36,180.39,354.85,55.05,16.97,38.69
2024-06-27,2306.73,148.83,240.1,83.08,8.74,41.77
2024-06-28,2741.15,184.31,151.92,151.5,12.81,26.97
2024-06-29,2839.99,206.4,266.33,94.46,52.93,28.65
2024-06-30,2608.51,179.8,200.11,104.78,48.07,19.44
2024-07-01,2108.43,153.67,210.49,59.31,27.83,92.06
2024-07-02,2897.42,179.46,212.29,123.74,25.44,43.25
2024-07-03,2374.4,142.72,202.14,114.77,9.68,21.38
2024-07-04,2907.63,198.12,293.69,93.28,26.46,39.18
2024-07-05,2451.46,173.32,246.02,79.33,17.53,33.2
2024-07-06,2184.21,162.63,188.26,77.99,0.0,73.47
2024-07-07,2710.05,178.05,226.85,74.09,19.87,43.98
2024-07-08,2640.82,165.21,166.19,124.48,13.55,11.41
2024-07-09,2872.91,190.59,261.19,113.13,26.27,59.8
2024-07-10,2936.72,224.11,312.1,85.09,22.76,107.7
2024-07-11,2644.62,201.03,204.55,109.79,14.4,59.34
2024-07-12,3822.74,255.59,321.91,116.01,11.89,31.22
2024-07-13,3303.43,272.31,203.37,122.85,10.46,16.96
2024-07-14,2770.4,166.35,254.37,114.29,25.14,52.58
2024-07-15,2964.54,199.05,315.64,92.9,43.19,91.82
2024-07-16,2861.81,171.8,231.44,119.33,75.69,76.68
2024-07-17,3135.45,172.11,233.93,160.04,39.81,77.64
2024-07-18,2920.0,215.35,195.1,130.27,46.58,24.95
2024-07-19,2756.78,219.91,312.42,54.23,44.88,96.08
2024-07-20,1199.6,173.15,50.13,27.73,5.94,3.59
2024-07-21,1558.75,163.75,57.4,69.6,24.5,12.85
2024-07-22,1144.0,153.1,48.2,32.0,24.5,32.0
2024-07-23,474.0,50.25,50.25,6.9,4.65,33.75
2024-07-24,3043.96,158.05,181.38,172.05,7.03,57.22
2024-07-25,2196.6,175.65,173.99,78.59,26.27,60.69
2024-07-26,2149.88,157.46,185.4,79.12,17.87,29.24
2024-07-27,1309.83,119.94,78.6,60.67,2.95,20.97
2024-07-28,265.0,43.0,22.5,2.5,0.0,18.5
2024-07-29,2407.56,157.95,223.17,92.79,5.81,93.37
2024-07-30,2096.01,177.75,151.94,77.3,20.83,63.35
2024-07-31,3386.32,186.26,320.74,138.39,61.18,68.32
2024-08-01,3671.87,268.33,264.82,165.45,48.91,118.18
2024-08-02,2385.25,178.07,218.4,84.45,13.74,59.84
2024-08-03,3201.7,170.21,404.82,89.86,34.14,90.16
2024-08-04,3820.26,195.64,281.4,187.55,48.96,54.01
2024-08-05,3332.66,201.52,382.61,137.97,11.79,77.03
2024-08-06,2052.35,91.16,285.55,52.47,36.12,41.41
2024-08-07,2691.77,155.69,305.22,88.63,23.88,82.82
2024-08-08,2949.28,169.81,306.47,96.0,23.22,110.59
2024-08-09,3232.03,160.37,361.35,119.17,27.33,76.16
2024-08-10,2375.3,116.4,184.69,121.42,28.01,36.58
2024-08-11,3259.06,160.5,367.84,116.11,33.32,44.61
2024-08-12,3323.66,218.95,313.09,127.35,13.93,51.53
2024-08-13,2824.49,185.77,322.44,80.38,11.99,74.79
2024-08-14,2648.48,150.31,354.33,63.5,33.33,37.48
2024-08-15,2612.41,154.08,241.23,111.64,12.4,62.86
2024-08-16,2689.39,213.35,237.33,90.46,16.37,21.48
2024-08-17,2429.58,155.92,218.5,90.77,25.85,53.78
2024-08-18,2644.03,174.43,230.11,107.39,21.3,51.83
2024-08-19,2811.09,174.03,301.99,89.61,26.7,110.38
2024-08-20,2846.69,149.55,340.75,89.58,20.92,93.99
2024-08-21,2653.1,201.22,232.65,94.76,21.92,65.94
2024-08-22,2780.51,179.27,297.61,91.9,12.48,57.43
2024-08-23,2568.75,205.54,218.47,84.19,9.31,52.66
2024-08-24,3529.94,191.48,451.29,101.96,22.67,77.68
2024-08-25,2238.81,161.93,192.95,88.7,19.31,70.53
2024-08-26,2712.52,176.85,275.05,88.18,12.07,63.38
2024-08-27,3044.09,162.44,359.1,94.74,37.37,78.94
2024-08-28,2255.96,164.29,218.19,68.46,23.67,39.66
2024-08-29,2801.62,187.93,286.68,92.51,18.92,35.98
2024-08-30,2837.14,179.49,292.61,96.45,9.81,21.58
2024-08-31,2190.25,172.49,178.64,78.05,11.09,51.01
2024-09-01,2551.05,170.3,210.03,99.4,15.76,66.53
2024-09-02,2554.91,147.02,205.63,112.68,21.5,32.26
2024-09-03,2889.75,183.83,261.52,109.61,14.14,33.54
2024-09-04,2344.5,173.56,254.91,62.58,9.25,38.87
2024-09-05,1842.08,152.15,150.37,61.03,17.29,18.98
2024-09-06,2763.99,181.2,299.84,88.05,26.94,54.16
2024-09-07,2892.27,188.17,251.26,120.63,18.43,30.27
2024-09-08,2463.57,161.54,273.03,69.54,15.84,14.81
2024-09-09,2284.36,150.49,244.37,73.21,12.74,20.99
2024-09-10,2594.38,156.29,323.64,65.39,13.35,54.75
2024-09-11,2195.2,165.7,228.3,54.68,16.92,17.9
2024-09-12,1995.4,142.35,206.26,61.49,5.45,11.27
2024-09-13,1371.72,78.59,175.63,35.28,0.38,32.87
2024-09-14,932.1,34.56,121.03,30.06,17.11,29.94
2024-09-15,2280.82,125.06,243.2,86.01,13.38,23.74
2024-09-16,2128.2,138.92,239.95,57.98,16.29,11.51
2024-09-17,2972.42,183.09,352.52,88.31,21.26,35.48
2024-09-18,2726.63,163.24,285.11,90.03,13.93,45.76
2024-09-19,2530.72,134.66,305.41,79.55,19.12,65.34
2024-09-20,4255.3,382.32,405.08,106.99,10.93,30.49
2024-09-21,1891.62,146.47,152.69,76.0,6.79,25.14
2024-09-22,3741.37,156.55,401.04,162.33,38.5,127.79
2024-09-23,2429.92,142.26,280.2,81.45,4.89,54.18
2024-09-24,2897.2,238.41,275.5,87.41,17.41,27.3
2024-09-25,2688.58,151.65,335.97,71.08,23.88,55.86
2024-09-26,1673.86,120.61,191.16,42.74,18.38,16.18
2024-09-27,2169.28,151.82,231.89,64.52,14.65,27.9
2024-09-28,2447.38,161.61,251.52,77.58,25.26,46.14
2024-09-29,3539.99,234.67,309.42,146.01,17.21,81.04
2024-09-30,2746.4,211.52,303.46,68.04,17.98,41.72
2024-10-01,2821.22,192.85,329.35,72.74,23.42,39.32
2024-10-02,3278.25,242.38,372.32,81.99,50.31,76.11
2024-10-03,1573.6,95.19,132.56,69.96,25.35,56.56
2024-10-04,1963.45,145.03,182.53,70.16,9.61,40.06
2024-10-05,3384.45,156.42,360.97,126.9,42.68,81.05
2024-10-06,999.8,73.3,106.5,27.6,9.75,45.4
2024-10-07,103.5,24.0,0.75,0.0,0.0,0.0
2024-10-09,103.5,24.0,0.75,0.0,0.0,0.0
2024-10-11,1283.5,60.72,145.85,46.68,3.6,5.62
2024-10-13,1005.0,33.39,104.79,50.19,7.26,2.28
2024-10-14,103.5,24.0,0.75,0.0,0.0,0.0
2024-10-15,1134.97,105.9,136.16,20.57,15.71,72.57
2024-10-16,1903.54,127.84,212.86,63.7,24.89,24.28
2024-10-17,2434.01,122.38,246.08,84.26,20.34,155.09
2024-10-18,582.5,69.75,0.0,25.0,0.0,0.0
2024-10-20,1538.3,152.2,156.58,33.25,8.64,33.91
2024-10-21,2733.85,160.12,299.16,97.48,24.92,25.99
2024-10-22,2435.74,145.09,266.14,82.38,23.87,29.2
2024-10-23,2058.7,121.1,235.22,68.19,10.75,29.69
2024-10-24,2059.04,137.61,182.14,82.84,14.36,15.6
2024-10-25,1135.5,36.3,156.5,36.1,2.0,9.35
2024-10-26,2142.15,155.16,232.32,61.12,24.55,38.19
2024-10-27,2505.37,180.78,248.65,84.24,17.64,23.52
2024-10-28,2600.65,196.95,216.68,101.46,13.79,21.89
2024-10-29,2742.74,162.59,328.01,89.58,9.28,32.77
2024-10-30,2148.33,145.08,198.57,85.09,12.86,31.29
2024-10-31,2339.0,174.15,203.21,86.52,13.82,51.99
2024-11-01,3108.21,217.63,294.4,119.13,37.15,84.47
2024-11-02,1810.69,104.09,154.12,87.91,13.13,37.89
2024-11-03,1853.74,120.38,188.53,67.26,10.57,53.92
2024-11-04,2411.69,160.13,249.02,81.62,12.97,44.78
2024-11-05,1901.72,136.04,190.15,60.98,10.54,10.52
2024-11-06,1762.98,170.56,170.75,46.05,9.7,108.64
2024-11-07,2430.35,162.78,255.21,73.96,13.33,13.31
2024-11-08,1808.62,129.0,216.53,46.49,14.08,14.95
2024-11-09,2428.5,136.23,277.86,83.96,16.43,71.43
2024-11-10,2110.88,131.22,242.27,62.56,26.16,126.87
2024-11-11,3119.64,206.29,269.91,123.49,17.16,61.12
2024-11-12,2243.04,165.15,224.56,72.59,20.14,28.86
2024-11-13,2617.29,165.37,254.16,101.71,19.84,49.25
2024-11-14,1849.95,158.09,179.82,53.94,18.27,27.89
2024-11-15,2041.52,175.81,190.05,64.26,22.4,28.9
2024-11-16,1612.25,141.13,166.24,42.87,9.34,42.18
2024-11-17,2453.65,154.04,200.72,111.85,12.4,44.32
2024-11-18,2908.85,160.97,259.21,135.33,7.7,25.24
2024-11-19,2077.21,134.18,115.84,105.36,22.85,14.73
2024-11-20,2260.72,135.25,135.48,124.92,24.13,42.04
2024-11-21,2440.84,156.49,248.46,89.0,17.85,51.37
2024-11-22,1956.8,162.36,109.98,88.68,0.0,35.42
2024-11-23,1552.2,74.07,156.53,66.55,11.33,18.46
2024-11-24,2257.22,126.45,213.32,95.4,4.99,8.63
2024-11-25,2833.25,171.89,294.81,102.56,10.94,17.62
2024-11-26,1884.92,93.09,225.19,64.79,3.39,7.34
2024-11-27,2240.58,154.15,233.52,71.17,15.58,13.85
2024-11-28,1833.97,124.07,209.77,54.78,8.84,37.36
2024-11-29,2203.66,149.95,259.03,69.89,17.4,38.34
2024-11-30,3089.53,150.47,251.69,158.69,17.51,15.96
2024-12-01,2630.19,157.5,320.56,75.7,23.47,101.73
2024-12-02,2567.13,172.77,190.37,121.69,15.14,30.46
2024-12-03,2419.99,163.14,212.7,97.74,8.74,48.94
2024-12-04,1769.15,119.48,187.8,56.25,16.0,20.22
2024-12-06,2258.63,160.73,246.09,67.95,17.52,30.05
2024-12-07,1971.32,67.12,231.49,75.1,16.26,19.8
2024-12-08,2252.9,142.99,246.03,70.81,15.51,43.97
2024-12-09,2241.95,132.87,216.54,90.5,7.07,44.29
2024-12-10,1232.82,76.71,161.64,29.04,9.29,19.86
2024-12-11,2196.45,154.7,268.96,55.34,10.69,47.51
2024-12-12,2720.85,135.24,249.88,118.03,22.81,76.38
2024-12-13,1976.3,69.41,232.45,79.26,12.0,31.25
2024-12-14,2212.78,135.04,225.0,80.76,9.99,32.02
2024-12-15,2160.1,133.5,201.7,87.65,10.1,66.7
2024-12-16,1795.28,141.11,191.84,49.05,10.4,32.95
2024-12-17,1735.68,98.68,243.77,38.58,8.4,14.32
2024-12-18,1804.7,86.84,214.66,61.08,19.25,48.12
2024-12-19,2791.77,148.15,277.92,107.95,8.52,54.77
2024-12-20,2354.8,136.24,266.53,80.09,9.04,18.32
2024-12-21,1632.6,108.07,160.95,51.86,7.75,58.64
2024-12-23,2166.58,187.79,118.73,100.74,10.91,59.62
2024-12-24,2410.6,90.6,268.9,90.05,11.48,74.75
2024-12-25,2885.2,163.85,251.25,119.42,29.38,58.64
2024-12-26,1763.0,134.4,100.88,83.4,7.28,29.73
2024-12-27,2282.49,173.79,212.73,68.49,17.16,71.18
2024-12-28,2432.9,111.92,264.75,99.38,3.0,38.56
2024-12-29,2491.96,146.85,237.77,96.3,13.92,71.95
2024-12-30,3262.87,188.18,319.77,126.4,23.58,106.01
2024-12-31,1856.02,168.99,123.26,74.3,5.66,17.99
2025-01-01,1810.8,126.0,131.5,83.45,0.0,29.95
2025-01-02,1123.0,74.02,124.5,32.04,27.6,42.64
2025-01-03,2903.18,162.56,321.75,102.56,14.2,116.4
2025-01-04,2152.4,132.58,192.92,91.05,12.39,74.9
2025-01-05,2673.94,155.29,178.78,132.64,9.19,81.36
2025-01-06,1859.73,142.67,211.29,44.03,15.54,63.67
2025-01-07,1982.49,119.13,246.49,63.18,0.43,8.71
2025-01-08,2974.91,169.39,293.96,122.57,16.78,68.49
2025-01-09,1801.2,132.1,200.72,47.53,4.8,53.13
2025-01-10,2552.42,159.87,207.1,103.37,56.08,38.79
2025-01-11,2503.01,127.9,313.97,78.09,26.42,52.05
2025-01-12,2455.08,148.67,249.4,94.17,4.44,62.7
2025-01-13,2730.35,169.78,287.97,94.03,23.41,53.33
2025-01-14,1731.85,127.22,169.79,54.43,23.56,24.72
2025-01-15,3032.58,217.06,305.7,95.83,30.64,70.92
2025-01-16,2505.13,151.27,293.1,76.36,25.55,92.43
2025-01-17,2825.93,161.77,243.83,120.87,28.27,44.0
2025-01-18,2436.59,168.7,274.32,67.58,21.5,30.92
2025-01-19,2888.58,150.78,304.86,113.08,17.95,45.57
2025-01-20,2530.35,147.77,188.73,118.56,8.51,42.11
2025-01-21,1816.07,106.99,190.86,66.96,12.66,57.21
2025-01-22,2443.28,119.84,349.51,51.64,37.68,73.35
2025-01-23,2978.7,265.84,210.15,126.34,16.63,51.21
2025-01-24,2663.65,147.8,195.88,133.05,14.66,92.53
2025-01-25,2640.2,167.7,303.76,90.35,12.99,78.8
2025-01-26,2849.1,145.95,294.55,115.21,13.88,64.68
2025-01-27,2469.13,167.47,267.16,74.36,21.22,56.11
2025-01-28,2325.82,139.5,283.17,67.58,13.7,49.92
2025-01-29,1574.14,108.5,141.45,61.66,2.82,28.59
2025-01-30,1679.5,141.84,152.1,53.2,9.92,46.41
2025-01-31,3389.1,198.11,281.46,158.64,8.15,79.11
2025-02-01,3151.83,145.07,294.63,143.97,13.73,164.27
2025-02-02,2606.6,158.23,247.13,105.88,8.24,88.92
2025-02-03,2749.83,153.11,108.6,132.88,5.2,28.25
2025-02-04,2792.81,142.4,338.4,80.94,19.57,112.57
2025-02-05,1906.12,77.88,277.89,49.76,8.0,11.47
2025-02-06,1211.28,48.0,204.68,27.76,6.08,7.18
2025-02-07,2659.05,136.39,278.76,107.51,16.44,57.93
2025-02-08,1813.5,139.38,232.05,35.36,11.83,24.24
2025-02-09,3081.0,150.58,363.45,91.59,26.4,95.34
2025-02-10,2536.12,143.92,281.99,81.99,20.02,46.76
2025-02-11,2268.25,81.73,259.1,98.64,0.0,40.1
2025-02-12,1845.73,138.18,164.01,63.4,13.24,19.13
2025-02-13,2224.31,130.48,176.73,109.43,11.46,70.16
2025-02-14,3189.3,182.74,353.07,108.58,34.05,65.4
2025-02-15,2375.15,133.91,214.91,103.81,22.8,40.74
2025-02-16,1602.04,91.93,154.38,66.27,12.36,45.12
2025-02-17,2236.89,160.01,237.06,67.22,22.05,55.75
2025-02-18,2573.3,127.91,353.31,60.24,5.68,36.22
2025-02-19,2522.21,139.73,204.66,116.28,15.37,27.17
2025-02-20,1472.7,119.78,147.55,41.66,18.56,42.8
2025-02-21,2794.6,172.4,332.9,85.84,18.58,106.71
2025-02-22,1734.08,117.21,139.61,69.04,8.19,60.4
2025-02-23,2007.68,136.16,157.2,82.25,7.1,53.7
2025-02-24,2134.5,101.19,197.96,83.7,13.6,52.72
2025-02-25,2225.15,140.53,243.1,69.73,15.15,10.74
2025-02-26,2012.5,146.93,129.43,97.72,6.24,53.45
2025-02-27,2861.37,180.56,317.9,95.8,19.1,129.06
2025-02-28,2268.49,206.08,255.94,36.97,24.53,52.74
2025-03-01,1827.65,140.28,175.32,59.88,7.1,54.16
2025-03-02,2622.46,178.21,259.3,91.55,12.69,19.25
2025-03-03,1628.02,91.0,112.92,87.14,6.08,14.03
2025-03-04,2228.43,128.29,264.71,66.78,10.56,28.39
2025-03-05,1900.39,157.44,205.24,46.31,11.76,29.21
2025-03-06,2680.63,150.9,318.9,88.15,25.51,96.02
2025-03-07,1908.49,170.35,192.03,54.46,11.34,29.18
2025-03-08,1971.24,148.52,160.08,89.4,7.4,26.06
2025-03-09,1172.2,99.98,102.64,40.22,0.0,53.5
2025-03-10,1026.79,80.13,103.63,30.7,5.26,8.78
2025-03-11,2107.0,117.89,300.75,46.06,10.32,48.35
2025-03-12,104.0,20.0,0.0,2.7,0.0,0.0
2025-03-13,1946.0,166.7,243.59,32.29,19.18,60.0
2025-03-14,2212.56,142.83,255.19,74.25,12.15,38.91
2025-03-15,356.24,52.08,24.1,5.74,0.48,24.1
2025-03-16,1595.42,104.26,212.28,35.48,18.19,28.07
2025-03-17,2116.89,133.97,165.43,97.3,10.94,16.32
2025-03-18,2199.74,135.68,277.14,59.2,6.92,38.18
2025-03-19,1204.99,86.87,142.28,29.89,10.34,40.22
2025-03-20,2113.9,136.6,254.01,59.9,12.36,48.19
2025-03-21,2569.16,168.78,245.49,103.25,12.15,43.51
2025-03-22,1411.26,56.57,157.12,53.34,6.01,20.73
2025-03-23,1559.5,92.02,157.35,59.98,10.1,43.1
2025-03-24,2845.13,173.6,237.54,130.91,2.88,47.61
2025-03-25,260.0,37.0,26.5,2.5,2.5,25.0
2025-03-26,2273.6,146.19,221.12,85.35,9.58,67.53
2025-03-27,2406.85,176.32,240.04,88.56,17.76,87.17
2025-03-29,1349.5,103.6,79.48,63.75,9.0,47.88
2025-03-30,2872.19,152.42,288.27,117.74,15.67,70.97
2025-03-31,2431.99,174.14,235.71,82.45,15.21,32.92
2025-04-01,3137.0,177.15,288.18,139.74,13.34,12.68
2025-04-02,2694.82,213.96,184.12,113.79,9.36,63.36
2025-04-03,2654.71,154.31,272.46,95.48,18.48,111.31
2025-04-04,1828.45,117.53,205.4,57.84,8.58,65.76
2025-04-05,2657.82,206.4,274.68,88.52,12.7,97.91
2025-04-06,2736.5,197.38,237.94,101.75,16.87,50.1
2025-04-07,985.3,53.75,67.7,54.5,3.24,3.42
2025-04-08,250.0,36.0,25.5,2.5,2.5,24.5
2025-04-09,250.0,36.0,25.5,2.5,2.5,24.5
2025-04-10,1937.24,124.23,176.43,76.31,5.26,19.61
2025-04-11,2131.3,124.9,185.0,95.22,4.2,29.67
2025-04-12,1109.29,88.86,100.17,38.87,12.03,48.79
2025-04-13,547.8,17.85,70.33,20.78,4.7,6.5
2025-04-14,2273.62,165.5,158.22,109.13,0.36,45.94
2025-04-15,2103.0,149.33,235.42,63.13,13.94,2.2
2025-04-16,2572.92,130.36,287.73,92.06,12.99,38.36
2025-04-18,2339.81,173.69,118.59,121.36,7.31,27.33
2025-04-19,1407.5,119.86,101.33,52.83,4.2,43.43
2025-04-20,1243.5,40.75,210.0,23.2,13.95,54.0
2025-04-21,2081.73,166.76,213.96,53.81,5.71,16.93
2025-04-23,2073.98,163.22,165.87,81.28,9.25,52.15
2025-04-24,2632.11,160.16,281.62,96.37,19.21,96.76
2025-04-25,2525.8,161.97,193.96,112.97,9.32,25.06
2025-04-26,1238.25,97.14,67.97,62.91,4.08,11.26
2025-04-27,2102.08,139.78,233.09,67.47,6.99,21.98
2025-04-28,2344.72,135.05,195.89,108.44,5.53,30.44
2025-04-29,1423.2,68.14,196.9,34.55,8.79,24.8
2025-04-30,2327.65,129.67,144.1,129.25,3.25,12.92
2025-05-01,2363.0,178.38,175.94,105.2,16.46,67.26
2025-05-02,2625.9,206.96,208.64,106.66,7.14,34.6
2025-05-03,1775.79,103.58,218.43,57.95,7.37,70.26
2025-05-04,2315.23,169.68,255.46,68.07,9.32,97.63
2025-05-05,2689.9,152.25,255.53,115.6,6.82,55.31
2025-05-06,1265.54,112.19,125.24,33.86,12.71,38.29
2025-05-07,779.02,45.44,113.73,14.54,9.04,32.5
2025-05-08,2892.02,194.82,291.18,104.82,20.31,149.57
2025-05-09,2168.11,129.55,261.48,64.17,12.77,59.45
2025-05-11,2251.1,191.65,237.86,60.72,12.69,65.78
2025-05-12,2675.66,159.37,403.98,42.63,17.18,41.03
2025-05-13,2475.68,137.47,329.99,68.75,4.91,62.72
2025-05-14,2997.8,146.38,445.13,66.0,10.8,41.53
2025-05-15,1922.1,165.3,194.3,54.8,16.52,69.28
2025-05-16,290.0,40.0,15.0,7.5,0.0,13.5
2025-05-17,1817.76,105.86,149.02,83.14,6.6,40.49
2025-05-18,2188.45,155.01,243.62,66.27,6.61,11.48
2025-05-19,2675.92,191.22,229.37,107.14,8.17,69.99
2025-05-20,241.5,5.46,36.4,8.19,0.0,0.0
2025-05-21,2500.9,142.89,207.73,94.72,9.95,71.98
2025-05-22,2514.9,180.68,288.13,89.33,16.98,74.87
2025-05-23,381.6,7.74,43.56,19.17,1.62,18.18
2025-05-24,2326.2,132.48,300.95,61.6,19.09,55.53
2025-05-25,1771.94,190.54,170.87,37.53,9.93,64.24
2025-05-26,2046.48,140.34,254.61,50.99,2.5,68.45
2025-05-27,2686.14,175.11,293.68,85.33,16.15,119.67
2025-05-28,2103.37,201.03,182.22,59.62,7.25,105.22
2025-05-29,1125.15,59.01,129.49,41.48,8.48,90.13
2025-05-30,3107.25,247.16,273.52,107.61,30.03,127.76
2025-05-31,11789.27,1478.06,622.29,346.21,59.99,500.0
2025-06-01,14293.08,1866.73,675.7,413.01,68.04,550.59
2025-06-02,3065.05,163.8,270.66,136.24,7.87,89.42
2025-06-03,362.15,30.63,25.25,14.41,0.0,1.04
2025-06-04,2344.0,165.6,229.88,74.1,2.5,45.38
2025-06-05,14089.67,1845.71,700.15,395.92,66.37,583.51
2025-06-06,260.0,37.0,26.5,2.5,2.5,25.0
2025-06-07,12165.43,1663.53,541.82,334.66,65.28,509.51
2025-06-08,1859.96,144.31,204.27,48.94,6.15,46.48
2025-06-09,397.28,54.09,11.87,13.44,2.25,9.22
2025-06-10,2151.11,139.08,181.5,90.42,5.8,63.3
2025-06-11,744.0,53.45,80.53,20.28,2.1,38.3
2025-06-12,779.0,54.0,66.0,32.0,5.0,22.0
2025-06-13,427.2,13.2,50.4,18.72,1.44,9.84
2025-06-14,1026.0,48.78,89.58,51.18,4.32,4.56
2025-06-15,527.75,14.78,73.25,18.2,5.62,39.75
2025-06-16,2229.09,118.54,198.34,102.11,15.13,61.19
2025-06-17,2351.78,160.46,243.13,77.63,7.47,102.04
2025-06-18,2538.4,123.13,214.93,126.8,0.0,60.18
2025-06-19,1420.65,194.22,63.59,41.19,5.17,3.65
2025-06-21,2120.2,170.89,170.42,80.6,7.81,54.73
2025-06-22,2370.92,144.8,135.59,132.86,2.64,40.06
2025-06-23,2699.16,155.76,307.53,75.36,7.86,129.22
2025-06-24,3260.68,153.8,349.82,136.84,6.02,66.97
2025-06-25,1199.68,50.73,145.35,30.36,0.0,59.5
2025-06-29,2567.35,243.19,188.16,81.76,6.59,8.75
2025-06-30,366.3,5.17,34.1,22.0,1.32,30.8
2025-07-01,1482.19,120.45,137.71,42.91,6.2,30.4
2025-07-02,966.2,40.76,107.38,38.7,2.16,25.86
2025-07-03,2151.4,151.03,196.1,78.97,0.0,59.56
2025-07-04,1612.24,93.71,130.67,75.34,10.91,32.59
2025-07-05,137.75,2.23,13.1,8.3,0.0,8.8
2025-07-06,2511.2,196.55,261.7,81.85,6.38,55.1
2025-07-07,2116.2,154.71,235.09,51.78,25.28,76.81
2025-07-08,12171.51,1577.1,610.4,341.08,81.6,497.22
2025-07-09,2468.1,142.09,215.89,112.85,6.91,42.22
2025-07-10,14426.14,1856.72,758.48,384.74,107.08,619.8
2025-07-11,1264.9,79.69,88.35,62.6,5.4,7.36
2025-07-12,125.13,4.34,24.02,0.78,1.55,1.32
2025-07-19,2121.3,160.57,207.5,71.17,13.29,37.37
2025-07-20,667.12,30.73,57.7,33.39,2.76,9.83
2025-07-21,3802.04,261.7,332.52,145.23,37.59,153.8
2025-07-24,1387.15,50.09,173.01,52.39,12.93,79.32
2025-07-26,2639.65,167.9,215.3,108.08,2.41,8.37
2025-07-28,1589.5,124.54,90.63,81.11,1.87,33.68
2025-07-29,10170.19,1251.65,551.91,294.49,43.73,400.64
2025-07-30,2608.2,155.02,248.27,106.09,25.51,61.05
2025-07-31,12585.33,1685.89,619.12,341.12,63.55,530.37
2025-08-01,1090.1,97.37,59.1,51.57,2.89,15.6
2025-08-02,2163.0,171.18,176.56,85.77,3.09,46.84
2025-08-03,12675.64,1657.42,604.73,367.06,61.67,501.4
2025-08-04,13099.13,1679.95,668.44,373.7,61.24,497.56
2025-08-05,13399.17,1675.08,748.73,372.14,69.71,616.97
2025-08-06,13493.46,1686.23,711.91,392.02,71.53,578.69
2025-08-07,2107.05,167.26,134.63,96.57,10.74,39.91
2025-08-08,3140.7,155.5,381.59,102.21,14.5,90.48
2025-08-09,1427.45,118.65,114.6,51.0,7.28,78.85
2025-08-10,2694.99,204.15,206.57,107.78,22.36,108.3
2025-08-11,2283.39,132.77,286.91,64.67,4.5,55.03
2025-08-12,1185.44,119.17,102.57,32.25,5.26,31.1
2025-08-13,2827.1,153.94,398.11,63.86,4.74,104.56
2025-08-14,4320.88,225.83,426.51,187.5,50.21,40.57
2025-08-15,2760.1,159.51,277.23,97.96,0.0,46.22
2025-08-16,2938.94,156.37,295.23,120.56,12.99,88.69
2025-08-17,799.71,22.14,89.18,36.45,6.49,24.78
2025-08-18,3219.07,173.61,282.58,149.9,15.55,100.22
2025-08-19,3144.25,173.91,336.35,115.72,4.45,78.04
2025-08-20,3591.15,201.3,322.93,157.41,19.15,87.79
2025-08-21,2674.79,166.3,211.35,118.6,11.95,82.08
2025-08-23,2841.6,152.55,304.93,99.43,22.43,79.4
2025-08-24,2495.47,161.43,249.44,87.78,19.82,56.11
2025-08-25,2169.1,95.45,165.13,111.68,3.42,17.17
2025-08-26,2073.7,110.19,203.78,79.58,10.54,76.3
2025-08-27,2266.27,145.88,144.49,119.85,6.5,18.94
2025-08-28,3474.9,172.95,384.45,127.21,18.49,71.81
2025-08-29,3129.1,139.0,401.35,96.8,36.29,136.6
2025-08-30,2381.06,177.25,235.72,64.8,8.85,43.67
2025-08-31,2255.9,133.4,139.72,113.33,7.6,16.94
2025-09-01,2908.8,161.19,370.1,85.01,14.89,100.87
2025-09-04,1725.3,78.75,160.25,78.0,3.8,11.65
2025-09-05,2099.15,104.84,231.54,74.21,4.0,75.44
2025-09-06,2161.92,153.7,217.22,72.01,17.33,61.99
2025-09-07,2851.53,164.69,308.32,96.26,11.63,74.52
2025-09-08,2659.64,170.72,250.18,99.69,3.8,76.27
2025-09-09,2736.31,171.04,260.94,106.44,12.51,46.06
2025-09-10,2551.22,184.13,239.28,89.42,16.75,52.62
2025-09-11,2387.6,173.87,234.79,78.71,8.0,79.46
2025-09-12,502.26,19.63,67.62,16.1,2.09,14.33
2025-09-13,1026.26,31.63,139.62,36.5,2.09,30.33
2025-09-14,2266.46,151.7,248.07,68.84,7.19,70.52
2025-09-15,2946.4,91.39,333.68,119.62,13.7,131.46
2025-09-16,2620.62,169.79,222.69,111.18,6.6,57.98
2025-09-17,850.16,82.28,78.93,21.32,6.12,16.51
2025-09-18,330.0,42.0,0.0,18.0,0.0,0.0
2025-09-19,3049.5,236.55,33.2,218.58,4.9,5.42
2025-09-20,1727.58,132.29,167.03,59.11,19.36,73.95
2025-09-21,2460.26,172.47,290.87,62.13,12.03,122.51
2025-09-22,1642.21,163.54,148.35,45.71,1.25,37.75
2025-09-23,2876.5,133.66,359.02,97.68,8.83,65.59
2025-09-24,2544.0,141.94,228.9,115.4,0.0,56.44
2025-09-25,2422.2,153.52,117.72,142.67,8.13,65.29
2025-09-26,793.53,62.25,82.18,21.7,8.89,42.63
2025-09-27,2538.62,162.29,230.5,99.76,16.23,68.0
2025-09-29,2393.13,167.52,178.01,105.73,17.64,50.21
2025-09-30,2451.0,63.56,373.75,72.76,11.23,61.49
2025-10-02,2218.37,125.35,267.42,67.47,9.0,58.44
2025-10-03,3167.4,173.0,199.6,178.2,0.0,35.6
2025-10-04,2088.3,121.46,233.63,67.46,3.35,68.77
2025-10-05,2526.15,113.55,269.15,108.36,7.56,56.74
2025-10-06,1218.0,49.7,157.9,40.76,2.5,23.54
2025-10-07,2544.58,131.36,234.23,117.02,0.2,50.27
2025-10-08,1352.05,130.54,102.98,44.7,0.0,26.76
2025-10-09,1000.0,52.0,92.0,40.0,8.0,8.4
2025-10-11,1894.5,72.69,227.2,75.22,9.19,99.08
2025-10-12,1264.96,54.68,164.14,41.42,7.19,52.86
2025-10-18,1791.8,96.56,178.36,73.08,15.2,69.65
2025-10-19,1072.65,108.6,79.14,31.92,15.12,28.95
2025-10-21,1595.0,125.91,132.01,62.21,7.54,30.32
2025-10-25,309.0,69.0,1.5,3.0,0.0,1.5
2025-10-26,1500.2,87.16,179.2,48.91,0.0,22.82
2025-10-27,916.8,62.88,86.4,35.84,3.96,9.72
2025-11-09,1903.89,150.44,202.68,49.95,16.89,44.3
2025-11-11,1593.69,109.11,154.11,59.84,6.39,27.56
2025-11-13,1008.19,148.11,66.61,17.64,6.39,17.76
2025-11-25,1565.4,99.18,133.52,55.09,0.0,46.94
2025-12-01,2825.38,163.03,253.29,125.81,9.53,51.97
2025-12-08,1612.4,98.13,116.52,82.49,0.0,37.02
2025-12-31,1320.0,97.84,91.8,59.94,0.54,31.4
2026-01-10,157.6,1.92,28.8,3.76,0.0,14.0
2026-01-16,1708.05,82.99,214.14,55.96,0.42,84.92
2026-02-14,1134.0,44.0,26.0,98.0,15.8,12.0
2026-02-15,960.0,42.4,68.8,56.0,0.0,0.0
2026-03-02,1344.32,116.2,114.3,47.44,9.49,44.2
2026-03-03,1244.5,129.0,67.35,56.1,13.8,56.75
2026-03-14,677.9,44.4,74.65,24.55,6.89,14.07
2026-03-22,1892.94,156.47,128.14,82.92,1.01,45.95
2026-03-23,663.5,42.08,40.74,31.92,15.72,40.05
2026-03-24,2403.0,136.55,167.11,129.8,2.62,62.09
2026-03-26,1013.4,92.18,119.05,17.81,3.4,52.22
2026-03-28,290.0,40.0,14.5,8.0,0.0,14.0
2026-03-29,441.5,63.07,39.7,5.47,2.5,36.22
2026-03-31,363.0,52.14,26.4,5.94,0.0,22.44
2026-04-04,3980.8,257.47,264.36,210.14,32.44,87.79
2026-04-06,1816.4,155.62,144.8,68.78,11.53,51.96
2026-04-10,2250.75,221.17,108.6,102.4,6.73,49.16
2026-04-11,2392.0,128.0,189.4,121.4,14.4,14.4
2026-04-14,3409.3,192.66,400.8,111.99,13.69,56.33
2026-04-15,3158.3,176.38,341.13,114.14,6.24,76.55
2026-04-16,3329.2,145.58,334.43,151.09,25.76,43.59
2026-04-19,626.2,51.49,52.0,21.43,0.0,0.91
2026-04-20,1658.65,129.27,118.57,68.6,20.8,12.12
2026-04-25,2364.43,141.93,223.35,97.2,21.53,82.75
2026-04-29,2983.46,149.7,226.29,182.98,14.36,39.76
2026-05-02,938.5,37.8,71.1,53.5,17.95,29.8
2026-05-04,2247.5,149.0,238.85,76.3,23.0,129.35
2026-05-05,1997.05,124.22,203.7,75.14,20.65,84.51
2026-05-07,1975.5,204.62,90.22,89.5,11.13,65.92
2026-05-09,1248.86,99.45,127.64,37.02,5.49,60.37
2026-05-12,1786.65,101.74,211.41,53.59,16.9,84.71
2026-05-13,972.1,43.8,66.3,56.85,3.06,10.37
2026-05-14,1782.87,90.7,213.73,62.92,9.06,91.6
2026-05-15,578.1,18.8,65.8,25.85,3.06,9.87
2026-05-16,2434.61,191.89,167.9,107.78,19.91,38.62
2026-05-17,1982.25,127.83,137.5,96.17,21.0,21.85
2026-05-18,2895.52,194.04,314.8,89.37,21.21,97.96
2026-05-19,1862.42,113.18,231.72,46.85,26.75,49.78
2026-05-20,2438.37,160.64,242.97,85.42,8.49,105.87
2026-05-21,2496.97,189.44,208.38,92.41,31.84,48.83
2026-05-22,1625.5,123.05,170.48,59.75,1.45,93.63
2026-05-23,2347.56,123.63,225.32,93.88,16.68,40.65
2026-05-25,622.26,18.69,71.58,26.39,0.45,16.3
2026-05-26,2102.69,142.15,169.74,89.62,8.69,62.22
2026-05-27,1186.68,63.23,135.29,39.71,8.49,55.7
2026-05-28,2528.57,202.02,199.67,96.35,16.23,94.2
2026-05-29,1904.91,138.22,157.11,76.1,13.89,73.03
2026-05-30,3319.2,197.89,350.09,122.41,9.13,54.03
2026-06-01,2172.88,147.17,228.86,68.57,16.27,74.24
2026-06-02,2977.06,198.03,332.3,88.06,21.74,172.16
2026-06-03,1919.65,175.64,163.33,60.08,24.2,73.46
2026-06-04,992.89,119.39,61.26,27.73,8.6,23.59
2026-06-05,3089.97,315.31,199.61,116.43,11.89,38.89
2026-06-06,1902.64,132.5,152.86,73.27,17.12,46.12
2026-06-07,1839.97,107.44,161.41,79.56,19.49,41.52
2026-06-08,2337.57,190.22,158.11,99.48,23.77,97.38
2026-06-09,2759.29,155.38,239.23,113.53,26.06,63.06
2026-06-10,2919.39,228.4,253.0,96.65,17.6,128.87
2026-06-11,2939.12,155.86,249.14,135.03,22.55,81.67
2026-06-12,2598.91,196.33,258.13,71.58,63.17,103.02
2026-06-13,1879.75,84.6,179.17,80.84,38.69,74.25
2026-06-14,2669.87,153.96,282.49,84.98,61.84,156.32
2026-06-15,2293.5,167.29,246.69,63.97,21.95,110.01
2026-06-16,2421.85,156.55,199.43,104.98,25.21,75.72
2026-06-17,2847.58,191.56,235.56,110.23,49.49,78.34
2026-06-18,2662.75,189.02,202.91,113.46,36.92,75.74
2026-06-19,2023.77,135.69,201.7,67.68,23.1,87.21
2026-06-20,2019.2,182.08,207.18,47.9,17.14,85.87
2026-06-21,3822.61,100.84,490.67,146.39,28.71,336.58
2026-06-22,2689.05,171.38,167.57,144.9,9.62,56.42
2026-06-23,1207.23,84.0,113.22,43.88,3.24,43.41
2026-06-24,2135.27,148.03,185.73,87.67,14.56,32.54
2026-06-25,1195.45,70.04,112.12,60.28,3.96,81.23
2026-06-26,2919.15,185.64,296.25,81.38,10.04,107.52
2026-06-27,2842.4,156.82,302.45,107.47,23.3,90.42
2026-06-28,2759.17,168.56,263.04,98.6,61.08,168.43
2026-06-29,2603.79,156.95,304.81,78.95,18.04,73.76
2026-06-30,637.49,54.45,58.22,17.52,8.49,18.58
2026-07-01,1714.8,100.79,171.22,63.62,15.39,38.61
2026-07-02,3101.97,173.47,336.36,106.21,35.81,81.55
2026-07-03,2240.01,115.65,257.89,73.67,30.02,96.5
2026-07-04,1703.8,85.03,228.64,49.28,16.8,114.53
2026-07-05,1368.66,93.27,170.98,31.02,17.33,24.0
2026-07-06,2917.5,180.51,253.92,121.33,42.35,90.84
2026-07-07,2897.64,167.33,289.79,112.93,37.21,123.27
