date,meal,kcal,protein_g,carbs_g,fat_g,fiber_g,sugar_g
2023-08-30,Abendessen,1039.5,42.98,153.56,24.8,10.79,1.14
2023-12-05,Abendessen,753.8,60.78,39.46,36.92,7.02,38.02
2023-12-06,Abendessen,753.8,60.78,39.46,36.92,7.02,38.02
2023-12-07,Abendessen,1387.28,93.54,148.48,43.78,9.18,14.37
2023-12-08,Mittagessen,924.85,62.36,98.99,29.19,6.12,9.58
2023-12-09,Abendessen,1258.94,84.74,104.23,53.16,15.27,15.53
2023-12-13,Fruehstueck,637.45,56.42,54.2,19.85,8.74,14.39
2023-12-14,Fruehstueck,637.45,56.42,54.2,19.85,8.74,14.39
2023-12-15,Fruehstueck,637.45,56.42,54.2,19.85,8.74,14.39
2023-12-16,Fruehstueck,637.45,56.42,54.2,19.85,8.74,14.39
2023-12-17,Fruehstueck,637.45,56.42,54.2,19.85,8.74,14.39
2023-12-18,Fruehstueck,637.45,56.42,54.2,19.85,8.74,14.39
2023-12-19,Fruehstueck,637.45,56.42,54.2,19.85,8.74,14.39
2023-12-20,Fruehstueck,637.45,56.42,54.2,19.85,8.74,14.39
2023-12-21,Fruehstueck,637.45,56.42,54.2,19.85,8.74,14.39
2023-12-21,Snack,237.7,19.77,13.23,12.26,1.32,3.1
2023-12-22,Fruehstueck,637.45,56.42,54.2,19.85,8.74,14.39
2023-12-23,Fruehstueck,637.45,56.42,54.2,19.85,8.74,14.39
2023-12-24,Fruehstueck,637.45,56.42,54.2,19.85,8.74,14.39
2023-12-25,Fruehstueck,637.45,56.42,54.2,19.85,8.74,14.39
2023-12-26,Fruehstueck,637.45,56.42,54.2,19.85,8.74,14.39
2023-12-26,Abendessen,392.05,9.66,5.48,37.36,0.14,5.01
2023-12-27,Fruehstueck,637.45,56.42,54.2,19.85,8.74,14.39
2023-12-30,Fruehstueck,322.68,7.95,4.51,30.75,0.12,4.12
2023-12-30,Abendessen,667.73,23.67,97.42,17.99,7.81,6.31
2023-12-31,Fruehstueck,637.45,56.42,54.2,19.85,8.74,14.39
2023-12-31,Abendessen,119.56,2.94,1.67,11.39,0.04,1.53
2024-01-01,Fruehstueck,637.45,56.42,54.2,19.85,8.74,14.39
2024-01-03,Fruehstueck,637.45,56.42,54.2,19.85,8.74,14.39
2024-01-04,Fruehstueck,637.45,56.42,54.2,19.85,8.74,14.39
2024-01-05,Fruehstueck,637.45,56.42,54.2,19.85,8.74,14.39
2024-01-08,Fruehstueck,637.45,56.42,54.2,19.85,8.74,14.39
2024-01-09,Fruehstueck,637.45,56.42,54.2,19.85,8.74,14.39
2024-01-10,Fruehstueck,637.45,56.42,54.2,19.85,8.74,14.39
2024-01-11,Fruehstueck,637.45,56.42,54.2,19.85,8.74,14.39
2024-01-12,Fruehstueck,637.45,56.42,54.2,19.85,8.74,14.39
2024-01-13,Fruehstueck,637.45,56.42,54.2,19.85,8.74,14.39
2024-01-14,Fruehstueck,637.45,56.42,54.2,19.85,8.74,14.39
2024-01-15,Mittagessen,712.67,58.0,72.51,20.27,2.47,7.2
2024-01-16,Mittagessen,712.67,58.0,72.51,20.27,2.47,7.2
2024-01-17,Abendessen,178.0,12.31,2.19,12.84,0.68,1.17
2024-01-17,Mittagessen,585.52,40.48,7.21,42.22,2.25,3.87
2024-01-18,Fruehstueck,637.45,56.42,54.2,19.85,8.74,14.39
2024-01-18,Mittagessen,204.15,14.11,2.51,14.72,0.78,1.35
2024-01-19,Fruehstueck,637.45,56.42,54.2,19.85,8.74,14.39
2024-01-19,Mittagessen,712.67,58.0,72.51,20.27,2.47,7.2
2024-01-20,Fruehstueck,637.45,56.42,54.2,19.85,8.74,14.39
2024-01-21,Fruehstueck,637.45,56.42,54.2,19.85,8.74,14.39
2024-02-04,Abendessen,939.67,74.99,70.08,34.01,4.5,9.91
2024-02-05,Fruehstueck,637.45,56.42,54.2,19.85,8.74,14.39
2024-02-05,Abendessen,1161.91,96.87,103.23,35.98,7.89,17.13
2024-02-06,Fruehstueck,637.45,56.42,54.2,19.85,8.74,14.39
2024-02-06,Mittagessen,712.67,58.0,72.51,20.27,2.47,7.2
2024-02-07,Fruehstueck,637.45,56.42,54.2,19.85,8.74,14.39
2024-02-08,Fruehstueck,637.45,56.42,54.2,19.85,8.74,14.39
2024-02-09,Fruehstueck,637.45,56.42,54.2,19.85,8.74,14.39
2024-02-09,Mittagessen,939.67,74.99,70.08,34.01,4.5,9.91
2024-02-10,Fruehstueck,637.45,56.42,54.2,19.85,8.74,14.39
2024-02-13,Mittagessen,554.54,10.85,46.19,35.43,0.17,7.16
2024-02-14,Mittagessen,585.52,40.48,7.21,42.22,2.25,3.87
2024-02-16,Fruehstueck,637.45,56.42,54.2,19.85,8.74,14.39
2024-02-16,Mittagessen,356.34,29.0,36.26,10.14,1.24,3.6
2024-02-17,Fruehstueck,637.45,56.42,54.2,19.85,8.74,14.39
2024-02-17,Mittagessen,356.34,29.0,36.26,10.14,1.24,3.6
2024-02-17,Snack,1030.95,79.78,119.77,25.48,0.0,3.53
2024-02-18,Mittagessen,637.45,56.42,54.2,19.85,8.74,14.39
2024-02-18,Snack,623.07,55.12,57.1,17.39,7.9,6.94
2024-02-19,Mittagessen,623.07,55.12,57.1,17.39,7.9,6.94
2024-02-23,Fruehstueck,637.45,56.42,54.2,19.85,8.74,14.39
2024-02-24,Fruehstueck,637.45,56.42,54.2,19.85,8.74,14.39
2024-02-25,Abendessen,623.07,55.12,57.1,17.39,7.9,6.94
2024-02-25,Snack,216.68,1.15,25.38,11.75,1.91,9.92
2024-02-26,Mittagessen,677.15,49.92,71.94,17.33,3.73,7.32
2024-02-29,Fruehstueck,637.45,56.42,54.2,19.85,8.74,14.39
2024-02-29,Mittagessen,677.15,49.92,71.94,17.33,3.73,7.32
2024-03-01,Fruehstueck,637.45,56.42,54.2,19.85,8.74,14.39
2024-03-02,Fruehstueck,637.45,56.42,54.2,19.85,8.74,14.39
2024-03-03,Fruehstueck,637.45,56.42,54.2,19.85,8.74,14.39
2024-03-04,Fruehstueck,637.45,56.42,54.2,19.85,8.74,14.39
2024-03-04,Mittagessen,885.85,59.46,5.98,68.86,1.94,5.07
2024-03-05,Fruehstueck,637.45,56.42,54.2,19.85,8.74,14.39
2024-03-05,Mittagessen,677.15,49.92,71.94,17.33,3.73,7.32
2024-03-06,Fruehstueck,637.45,56.42,54.2,19.85,8.74,14.39
2024-03-06,Mittagessen,442.93,29.73,2.99,34.43,0.97,2.54
2024-03-07,Fruehstueck,637.45,56.42,54.2,19.85,8.74,14.39
2024-03-07,Mittagessen,677.15,49.92,71.94,17.33,3.73,7.32
2024-03-08,Fruehstueck,637.45,56.42,54.2,19.85,8.74,14.39
2024-03-09,Fruehstueck,637.45,56.42,54.2,19.85,8.74,14.39
2024-03-10,Fruehstueck,637.45,56.42,54.2,19.85,8.74,14.39
2024-03-10,Snack,422.7,2.23,0.87,46.19,0.15,0.69
2024-03-11,Fruehstueck,637.45,56.42,54.2,19.85,8.74,14.39
2024-03-13,Fruehstueck,637.45,56.42,54.2,19.85,8.74,14.39
2024-03-13,Mittagessen,677.15,49.92,71.94,17.33,3.73,7.32
2024-03-14,Fruehstueck,637.45,56.42,54.2,19.85,8.74,14.39
2024-03-15,Fruehstueck,637.45,56.42,54.2,19.85,8.74,14.39
2024-03-15,Abendessen,1079.7,85.16,30.32,67.74,4.0,5.29
2024-03-15,Mittagessen,677.15,49.92,71.94,17.33,3.73,7.32
2024-03-16,Fruehstueck,637.45,56.42,54.2,19.85,8.74,14.39
2024-03-17,Abendessen,169.27,0.89,0.35,18.5,0.06,0.28
2024-03-17,Mittagessen,372.2,1.96,0.77,40.67,0.14,0.61
2024-03-18,Fruehstueck,637.45,56.42,54.2,19.85,8.74,14.39
2024-03-18,Mittagessen,882.05,59.21,5.96,68.56,1.93,5.05
2024-03-19,Fruehstueck,637.45,56.42,54.2,19.85,8.74,14.39
2024-03-20,Fruehstueck,637.45,56.42,54.2,19.85,8.74,14.39
2024-03-21,Fruehstueck,637.45,56.42,54.2,19.85,8.74,14.39
2024-03-22,Fruehstueck,637.45,56.42,54.2,19.85,8.74,14.39
2024-03-23,Fruehstueck,637.45,56.42,54.2,19.85,8.74,14.39
2024-03-23,Mittagessen,564.51,31.53,13.65,42.44,0.81,11.81
2024-03-24,Fruehstueck,570.71,31.87,13.8,42.91,0.82,11.94
2024-03-24,Abendessen,62.51,7.26,1.47,2.89,0.0,0.25
2024-03-24,Mittagessen,375.53,43.61,8.86,17.35,0.01,1.5
2024-03-25,Mittagessen,623.07,55.12,57.1,17.39,7.9,6.94
2024-03-26,Mittagessen,375.53,43.61,8.86,17.35,0.01,1.5
2024-03-27,Mittagessen,1510.8,129.66,138.22,45.69,9.18,4.51
2024-03-28,Fruehstueck,637.45,56.42,54.2,19.85,8.74,14.39
2024-03-28,Abendessen,175.71,12.84,7.47,10.17,0.25,6.68
2024-03-28,Mittagessen,375.53,43.61,8.86,17.35,0.01,1.5
2024-03-29,Fruehstueck,637.45,56.42,54.2,19.85,8.74,14.39
2024-03-29,Abendessen,134.79,9.85,5.74,7.8,0.19,5.13
2024-03-29,Mittagessen,89.88,6.57,3.82,5.2,0.13,3.42
2024-03-30,Fruehstueck,637.45,56.42,54.2,19.85,8.74,14.39
2024-03-31,Fruehstueck,637.45,56.42,54.2,19.85,8.74,14.39
2024-04-01,Fruehstueck,637.45,56.42,54.2,19.85,8.74,14.39
2024-04-01,Mittagessen,50.85,6.3,4.42,1.02,0.18,3.98
2024-04-02,Fruehstueck,617.29,69.87,56.96,13.07,5.9,29.53
2024-04-02,Mittagessen,1510.8,129.66,138.22,45.69,9.18,4.51
2024-04-05,Fruehstueck,637.45,56.42,54.2,19.85,8.74,14.39
2024-04-05,Mittagessen,375.53,43.61,8.86,17.35,0.01,1.5
2024-04-08,Mittagessen,877.08,58.87,5.92,68.17,1.92,5.02
2024-04-09,Fruehstueck,302.1,48.56,15.99,4.15,0.0,12.07
2024-04-09,Mittagessen,2422.8,281.36,57.15,111.96,0.06,9.7
2024-04-10,Fruehstueck,637.45,56.42,54.2,19.85,8.74,14.39
2024-04-10,Mittagessen,779.7,41.15,52.02,43.59,7.42,6.89
2024-04-11,Fruehstueck,637.45,56.42,54.2,19.85,8.74,14.39
2024-04-12,Fruehstueck,637.45,56.42,54.2,19.85,8.74,14.39
2024-04-15,Fruehstueck,637.45,56.42,54.2,19.85,8.74,14.39
2024-04-15,Mittagessen,2422.8,281.36,57.15,111.96,0.06,9.7
2024-04-17,Mittagessen,877.08,58.87,5.92,68.17,1.92,5.02
2024-04-18,Abendessen,664.75,57.05,60.82,20.1,4.04,1.99
2024-04-18,Mittagessen,840.21,16.44,69.98,53.68,0.27,10.85
2024-04-19,Fruehstueck,775.3,83.03,79.4,12.2,7.61,59.4
2024-04-19,Mittagessen,846.05,72.61,77.41,25.59,5.14,2.53
2024-04-20,Fruehstueck,775.3,83.03,79.4,12.2,7.61,59.4
2024-04-21,Fruehstueck,665.12,59.04,71.76,13.1,11.53,20.01
2024-04-22,Fruehstueck,181.39,16.1,19.57,3.57,3.14,5.46
2024-04-22,Mittagessen,712.41,63.13,74.39,19.01,1.83,4.15
2024-04-24,Mittagessen,583.57,40.35,7.18,42.08,2.24,3.85
2024-04-26,Fruehstueck,637.45,56.42,54.2,19.85,8.74,14.39
2024-04-27,Fruehstueck,637.45,56.42,54.2,19.85,8.74,14.39
2024-04-27,Abendessen,675.5,45.97,45.2,35.41,2.8,1.6
2024-04-29,Fruehstueck,637.45,56.42,54.2,19.85,8.74,14.39
2024-04-29,Mittagessen,675.5,45.97,45.2,35.41,2.8,1.6
2024-04-30,Fruehstueck,637.45,56.42,54.2,19.85,8.74,14.39
2024-04-30,Mittagessen,585.52,40.48,7.21,42.22,2.25,3.87
2024-05-01,Fruehstueck,637.45,56.42,54.2,19.85,8.74,14.39
2024-05-02,Fruehstueck,775.3,83.03,79.4,12.2,7.61,59.4
2024-05-06,Fruehstueck,637.45,56.42,54.2,19.85,8.74,14.39
2024-05-07,Fruehstueck,637.45,56.42,54.2,19.85,8.74,14.39
2024-05-07,Mittagessen,675.5,45.97,45.2,35.41,2.8,1.6
2024-05-08,Fruehstueck,637.45,56.42,54.2,19.85,8.74,14.39
2024-05-09,Fruehstueck,637.45,56.42,54.2,19.85,8.74,14.39
2024-05-11,Fruehstueck,617.29,69.87,56.96,13.07,5.9,29.53
2024-05-13,Fruehstueck,637.45,56.42,54.2,19.85,8.74,14.39
2024-05-13,Mittagessen,712.41,63.13,74.39,19.01,1.83,4.15
2024-05-14,Fruehstueck,637.45,56.42,54.2,19.85,8.74,14.39
2024-05-15,Fruehstueck,637.45,56.42,54.2,19.85,8.74,14.39
2024-05-16,Fruehstueck,637.45,56.42,54.2,19.85,8.74,14.39
2024-05-16,Mittagessen,569.6,34.48,38.18,32.16,2.24,1.28
2024-05-17,Fruehstueck,637.45,56.42,54.2,19.85,8.74,14.39
2024-05-18,Fruehstueck,637.45,56.42,54.2,19.85,8.74,14.39
2024-05-18,Mittagessen,78.41,4.38,1.9,5.9,0.11,1.64
2024-05-20,Fruehstueck,637.45,56.42,54.2,19.85,8.74,14.39
2024-05-20,Mittagessen,834.19,46.59,20.17,62.71,1.2,17.45
2024-05-21,Fruehstueck,637.45,56.42,54.2,19.85,8.74,14.39
2024-05-21,Mittagessen,1068.62,76.32,97.39,40.62,0.46,4.3
2024-05-21,Snack,363.35,20.29,8.79,27.32,0.52,7.6
2024-05-22,Fruehstueck,637.45,56.42,54.2,19.85,8.74,14.39
2024-05-22,Mittagessen,896.01,47.65,54.83,52.33,7.59,9.32
2024-05-23,Fruehstueck,637.45,56.42,54.2,19.85,8.74,14.39
2024-05-23,Mittagessen,152.54,8.52,3.69,11.47,0.22,3.19
2024-05-24,Fruehstueck,637.45,56.42,54.2,19.85,8.74,14.39
2024-05-25,Fruehstueck,637.45,56.42,54.2,19.85,8.74,14.39
2024-05-25,Mittagessen,193.29,10.79,4.67,14.53,0.28,4.04
2024-05-27,Fruehstueck,637.45,56.42,54.2,19.85,8.74,14.39
2024-05-27,Mittagessen,1068.62,76.32,97.39,40.62,0.46,4.3
2024-05-28,Fruehstueck,637.45,56.42,54.2,19.85,8.74,14.39
2024-05-29,Fruehstueck,637.45,56.42,54.2,19.85,8.74,14.39
2024-05-29,Mittagessen,775.05,68.95,69.45,24.48,3.85,8.43
2024-05-30,Fruehstueck,637.45,56.42,54.2,19.85,8.74,14.39
2024-05-31,Fruehstueck,637.45,56.42,54.2,19.85,8.74,14.39
2024-05-31,Mittagessen,1068.62,76.32,97.39,40.62,0.46,4.3
2024-06-01,Abendessen,421.68,44.03,41.62,6.88,5.13,40.7
2024-06-01,Mittagessen,1009.18,74.55,103.6,31.19,5.33,13.93
2024-06-02,Fruehstueck,637.45,56.42,54.2,19.85,8.74,14.39
2024-06-02,Mittagessen,388.29,28.68,39.86,12.0,2.05,5.36
2024-06-03,Fruehstueck,637.45,56.42,54.2,19.85,8.74,14.39
2024-06-03,Mittagessen,1096.8,68.83,72.0,58.53,0.0,5.4
2024-06-04,Fruehstueck,637.45,56.42,54.2,19.85,8.74,14.39
2024-06-05,Fruehstueck,637.45,56.42,54.2,19.85,8.74,14.39
2024-06-05,Mittagessen,1068.62,76.32,97.39,40.62,0.46,4.3
2024-06-06,Fruehstueck,637.45,56.42,54.2,19.85,8.74,14.39
2024-06-07,Fruehstueck,637.45,56.42,54.2,19.85,8.74,14.39
2024-06-07,Mittagessen,789.1,51.39,49.39,42.6,1.37,3.2
2024-06-09,Fruehstueck,637.45,56.42,54.2,19.85,8.74,14.39
2024-06-09,Mittagessen,145.26,15.21,12.31,3.44,0.6,0.71
2024-06-10,Fruehstueck,637.45,56.42,54.2,19.85,8.74,14.39
2024-06-11,Fruehstueck,1274.9,112.84,108.4,39.7,17.48,28.78
2024-06-12,Fruehstueck,637.45,56.42,54.2,19.85,8.74,14.39
2024-06-13,Fruehstueck,637.45,56.42,54.2,19.85,8.74,14.39
2024-06-13,Mittagessen,996.93,99.09,77.06,29.11,3.12,15.3
2024-06-14,Fruehstueck,637.45,56.42,54.2,19.85,8.74,14.39
2024-06-15,Abendessen,589.0,53.42,55.17,13.94,9.12,36.99
2024-06-16,Fruehstueck,637.45,56.42,54.2,19.85,8.74,14.39
2024-06-16,Mittagessen,107.48,13.31,0.77,5.68,0.0,0.12
2024-06-17,Fruehstueck,798.67,76.38,55.35,28.37,8.74,14.57
2024-06-17,Mittagessen,673.0,38.48,51.3,33.4,0.5,1.2
2024-06-17,Snack,280.64,34.75,2.0,14.83,0.0,0.31
2024-06-18,Fruehstueck,805.87,77.28,55.4,28.75,8.74,14.58
2024-06-19,Fruehstueck,637.45,56.42,54.2,19.85,8.74,14.39
2024-06-20,Fruehstueck,637.45,56.42,54.2,19.85,8.74,14.39
2024-06-21,Fruehstueck,637.45,56.42,54.2,19.85,8.74,14.39
2024-06-21,Mittagessen,839.8,51.43,40.43,51.64,2.91,4.26
2024-06-22,Fruehstueck,495.98,61.42,3.53,26.2,0.0,0.55
2024-06-22,Mittagessen,184.84,22.89,1.32,9.76,0.0,0.2
2024-06-23,Fruehstueck,523.7,64.85,3.73,27.67,0.0,0.58
2024-06-23,Mittagessen,264.3,4.32,16.23,19.33,2.31,10.16
2024-06-24,Fruehstueck,637.45,56.42,54.2,19.85,8.74,14.39
2024-06-24,Mittagessen,176.2,2.88,10.82,12.89,1.54,6.77
2024-06-25,Fruehstueck,637.45,56.42,54.2,19.85,8.74,14.39
2024-06-25,Abendessen,117.14,1.92,7.19,8.57,1.02,4.5
2024-06-25,Mittagessen,290.81,4.75,17.86,21.27,2.54,11.18
2024-06-26,Fruehstueck,637.45,56.42,54.2,19.85,8.74,14.39
2024-06-26,Mittagessen,712.41,63.13,74.39,19.01,1.83,4.15
2024-06-27,Fruehstueck,637.45,56.42,54.2,19.85,8.74,14.39
2024-06-28,Fruehstueck,637.45,56.42,54.2,19.85,8.74,14.39
2024-06-28,Mittagessen,1096.8,68.83,72.0,58.53,0.0,5.4
2024-06-29,Fruehstueck,184.84,22.89,1.32,9.76,0.0,0.2
2024-06-29,Abendessen,791.47,75.49,55.3,27.99,8.74,14.56
2024-06-29,Mittagessen,814.96,37.81,121.49,17.05,13.92,4.92
2024-06-30,Fruehstueck,200.25,24.8,1.43,10.58,0.0,0.22
2024-06-30,Mittagessen,915.75,45.55,118.02,25.43,19.38,7.82
2024-07-01,Mittagessen,332.76,18.34,32.15,12.87,9.21,4.18
2024-07-04,Mittagessen,199.78,11.01,19.3,7.73,5.53,2.51
2024-07-05,Fruehstueck,234.1,28.99,1.67,12.37,0.0,0.26
2024-07-05,Mittagessen,290.81,4.75,17.86,21.27,2.54,11.18
2024-07-06,Fruehstueck,92.39,11.44,0.66,4.88,0.0,0.1
2024-07-07,Fruehstueck,323.45,40.05,2.3,17.09,0.0,0.36
2024-07-07,Abendessen,95.31,11.19,1.0,5.16,0.01,0.25
2024-07-08,Fruehstueck,247.88,29.1,2.61,13.41,0.04,0.64
2024-07-08,Abendessen,127.08,14.92,1.34,6.88,0.02,0.33
2024-07-08,Mittagessen,176.8,10.01,4.05,13.25,0.0,0.21
2024-07-09,Fruehstueck,176.35,20.7,1.86,9.54,0.03,0.45
2024-07-09,Mittagessen,290.81,4.75,17.86,21.27,2.54,11.18
2024-07-12,Mittagessen,775.05,68.95,69.45,24.48,3.85,8.43
2024-07-13,Fruehstueck,534.4,38.53,9.21,36.22,0.55,1.92
2024-07-14,Fruehstueck,444.11,52.14,4.68,24.03,0.07,1.14
2024-07-14,Snack,393.12,39.51,31.14,9.82,14.17,30.22
2024-07-15,Fruehstueck,208.05,24.43,2.19,11.26,0.03,0.54
2024-07-15,Abendessen,460.8,46.32,36.5,11.51,16.61,35.43
2024-07-17,Fruehstueck,637.45,56.42,54.2,19.85,8.74,14.39
2024-07-18,Fruehstueck,637.45,56.42,54.2,19.85,8.74,14.39
2024-07-19,Fruehstueck,637.45,56.42,54.2,19.85,8.74,14.39
2024-07-26,Fruehstueck,425.66,49.98,4.49,23.04,0.07,1.1
2024-07-27,Fruehstueck,259.63,30.48,2.74,14.05,0.04,0.67
2024-07-31,Fruehstueck,637.45,56.42,54.2,19.85,8.74,14.39
2024-08-01,Fruehstueck,596.19,60.11,66.61,10.84,6.39,17.76
2024-08-01,Mittagessen,613.53,21.36,9.87,53.96,0.12,5.69
2024-08-02,Fruehstueck,637.45,56.42,54.2,19.85,8.74,14.39
2024-08-03,Fruehstueck,596.19,60.11,66.61,10.84,6.39,17.76
2024-08-03,Abendessen,101.86,7.25,3.4,6.29,0.0,1.9
2024-08-04,Fruehstueck,637.45,56.42,54.2,19.85,8.74,14.39
2024-08-05,Fruehstueck,637.45,56.42,54.2,19.85,8.74,14.39
2024-08-06,Mittagessen,776.75,42.8,75.05,30.05,21.5,9.75
2024-08-10,Fruehstueck,517.92,36.62,44.7,19.7,6.57,4.63
2024-08-10,Abendessen,110.92,6.11,10.72,4.29,3.07,1.39
2024-08-10,Mittagessen,183.34,13.05,6.11,11.32,0.0,3.42
2024-08-11,Mittagessen,776.75,42.8,75.05,30.05,21.5,9.75
2024-08-12,Mittagessen,865.57,86.45,68.28,24.81,3.22,7.09
2024-08-13,Mittagessen,712.41,63.13,74.39,19.01,1.83,4.15
2024-08-16,Fruehstueck,637.45,56.42,54.2,19.85,8.74,14.39
2024-08-17,Fruehstueck,637.45,56.42,54.2,19.85,8.74,14.39
2024-08-18,Fruehstueck,637.45,56.42,54.2,19.85,8.74,14.39
2024-08-18,Mittagessen,432.71,50.25,10.21,20.0,0.01,1.73
2024-08-19,Fruehstueck,637.45,56.42,54.2,19.85,8.74,14.39
2024-08-19,Mittagessen,240.34,27.91,5.67,11.11,0.01,0.96
2024-08-20,Abendessen,634.26,40.35,38.61,34.13,5.04,32.69
2024-08-20,Mittagessen,240.34,27.91,5.67,11.11,0.01,0.96
2024-08-21,Fruehstueck,743.15,47.28,45.24,39.99,5.91,38.31
2024-08-22,Mittagessen,290.81,4.75,17.86,21.27,2.54,11.18
2024-08-23,Mittagessen,865.57,86.45,68.28,24.81,3.22,7.09
2024-08-25,Mittagessen,177.6,17.2,7.65,8.05,1.61,7.65
2024-08-25,Snack,379.2,36.72,16.34,17.19,3.43,16.34
2024-08-26,Fruehstueck,637.45,56.42,54.2,19.85,8.74,14.39
2024-08-26,Mittagessen,712.41,63.13,74.39,19.01,1.83,4.15
2024-08-26,Snack,142.08,13.76,6.12,6.44,1.29,6.12
2024-08-27,Fruehstueck,637.45,56.42,54.2,19.85,8.74,14.39
2024-08-27,Abendessen,596.72,50.52,23.05,32.14,3.53,22.31
2024-08-28,Fruehstueck,637.45,56.42,54.2,19.85,8.74,14.39
2024-08-28,Abendessen,320.05,30.99,13.79,14.51,2.9,13.79
2024-08-28,Mittagessen,727.81,48.53,71.65,25.77,4.85,6.49
2024-08-29,Fruehstueck,637.45,56.42,54.2,19.85,8.74,14.39
2024-08-31,Fruehstueck,637.45,56.42,54.2,19.85,8.74,14.39
2024-09-01,Fruehstueck,637.45,56.42,54.2,19.85,8.74,14.39
2024-09-02,Fruehstueck,637.45,56.42,54.2,19.85,8.74,14.39
2024-09-03,Fruehstueck,637.45,56.42,54.2,19.85,8.74,14.39
2024-09-04,Mittagessen,1197.62,77.2,168.34,22.22,0.0,4.23
2024-09-05,Fruehstueck,637.45,56.42,54.2,19.85,8.74,14.39
2024-09-05,Mittagessen,190.27,27.96,1.34,8.15,0.0,1.13
2024-09-06,Fruehstueck,637.45,56.42,54.2,19.85,8.74,14.39
2024-09-07,Abendessen,637.45,56.42,54.2,19.85,8.74,14.39
2024-09-08,Abendessen,804.77,71.33,63.48,28.27,4.08,4.27
2024-09-09,Mittagessen,804.77,71.33,63.48,28.27,4.08,4.27
2024-09-11,Abendessen,64.62,3.09,3.74,4.03,0.12,1.27
2024-09-11,Mittagessen,103.37,4.94,5.99,6.45,0.19,2.04
2024-09-12,Fruehstueck,19.42,0.93,1.13,1.21,0.03,0.38
2024-09-13,Mittagessen,19.42,0.93,1.13,1.21,0.03,0.38
2024-09-18,Mittagessen,743.68,27.7,92.59,27.29,8.24,8.14
2024-09-19,Mittagessen,661.39,25.75,88.97,20.83,7.05,6.1
2024-09-20,Mittagessen,804.77,71.33,63.48,28.27,4.08,4.27
2024-09-21,Mittagessen,640.8,103.24,12.39,21.14,1.58,10.13
2024-09-25,Abendessen,351.32,7.26,78.59,0.54,1.22,1.25
2024-09-25,Mittagessen,650.18,47.22,74.76,17.34,2.57,4.74
2024-09-26,Mittagessen,680.94,56.31,63.96,21.48,2.76,5.46
2024-09-27,Mittagessen,439.24,9.07,98.26,0.68,1.53,1.56
2024-09-28,Mittagessen,316.22,6.53,70.74,0.49,1.1,1.13
2024-10-21,Mittagessen,675.35,55.63,63.89,21.2,2.73,5.4
2024-10-24,Mittagessen,680.94,56.31,63.96,21.48,2.76,5.46
2024-10-27,Abendessen,695.98,62.42,76.53,14.48,5.13,2.82
2024-10-28,Fruehstueck,596.19,60.11,66.61,10.84,6.39,17.76
2024-10-28,Mittagessen,696.31,69.29,65.75,16.43,4.36,2.93
2024-10-29,Fruehstueck,596.19,60.11,66.61,10.84,6.39,17.76
2024-10-30,Fruehstueck,596.19,60.11,66.61,10.84,6.39,17.76
2024-10-30,Mittagessen,957.94,65.22,63.26,49.15,0.39,4.97
2024-10-31,Fruehstueck,596.19,60.11,66.61,10.84,6.39,17.76
2024-10-31,Mittagessen,1018.36,69.33,67.25,52.25,0.41,5.28
2024-11-01,Fruehstueck,596.19,60.11,66.61,10.84,6.39,17.76
2024-11-02,Fruehstueck,815.43,65.95,89.39,22.32,6.39,29.54
2024-11-03,Abendessen,96.92,4.63,5.62,6.05,0.17,1.91
2024-11-03,Mittagessen,548.62,14.6,56.99,28.74,0.0,29.48
2024-11-04,Mittagessen,96.92,4.63,5.62,6.05,0.17,1.91
2024-11-05,Mittagessen,177.69,8.5,10.3,11.09,0.32,3.5
2024-11-07,Mittagessen,696.31,69.29,65.75,16.43,4.36,2.93
2024-11-08,Mittagessen,161.54,7.72,9.36,10.09,0.29,3.18
2024-11-11,Fruehstueck,596.19,60.11,66.61,10.84,6.39,17.76
2024-11-12,Fruehstueck,596.19,60.11,66.61,10.84,6.39,17.76
2024-11-13,Fruehstueck,596.19,60.11,66.61,10.84,6.39,17.76
2024-11-14,Fruehstueck,596.19,60.11,66.61,10.84,6.39,17.76
2024-11-14,Mittagessen,696.31,69.29,65.75,16.43,4.36,2.93
2024-11-15,Fruehstueck,596.19,60.11,66.61,10.84,6.39,17.76
2024-11-15,Mittagessen,357.93,55.62,2.12,14.11,0.0,1.83
2024-11-20,Mittagessen,1047.77,71.33,69.19,53.76,0.42,5.44
2024-11-21,Mittagessen,680.94,56.31,63.96,21.48,2.76,5.46
2024-11-25,Mittagessen,696.31,69.29,65.75,16.43,4.36,2.93
2024-11-27,Mittagessen,357.93,55.62,2.12,14.11,0.0,1.83
2024-11-30,Snack,282.06,20.95,39.4,4.49,0.15,2.7
2024-12-01,Abendessen,338.21,25.1,47.27,5.38,0.19,3.24
2024-12-02,Fruehstueck,637.45,56.42,54.2,19.85,8.74,14.39
2024-12-03,Fruehstueck,637.45,56.42,54.2,19.85,8.74,14.39
2024-12-04,Fruehstueck,637.45,56.42,54.2,19.85,8.74,14.39
2024-12-06,Fruehstueck,637.45,56.42,54.2,19.85,8.74,14.39
2024-12-06,Mittagessen,723.48,57.01,95.94,12.35,0.43,7.45
2024-12-10,Mittagessen,723.48,57.01,95.94,12.35,0.43,7.45
2024-12-16,Mittagessen,723.48,57.01,95.94,12.35,0.43,7.45
2024-12-17,Mittagessen,1184.58,68.09,196.4,13.77,0.43,8.09
2024-12-29,Abendessen,723.48,57.01,95.94,12.35,0.43,7.45
2025-01-06,Mittagessen,140.23,6.18,5.08,10.45,0.4,5.05
2025-01-07,Mittagessen,723.48,57.01,95.94,12.35,0.43,7.45
2025-01-08,Mittagessen,1033.46,70.36,68.24,53.03,0.42,5.36
2025-01-12,Fruehstueck,383.41,8.83,40.93,19.84,2.98,25.16
2025-01-13,Fruehstueck,637.45,56.42,54.2,19.85,8.74,14.39
2025-01-14,Fruehstueck,637.45,56.42,54.2,19.85,8.74,14.39
2025-01-15,Mittagessen,140.23,6.18,5.08,10.45,0.4,5.05
2025-01-15,Snack,637.45,56.42,54.2,19.85,8.74,14.39
2025-01-16,Fruehstueck,637.45,56.42,54.2,19.85,8.74,14.39
2025-01-17,Fruehstueck,637.45,56.42,54.2,19.85,8.74,14.39
2025-01-18,Fruehstueck,637.45,56.42,54.2,19.85,8.74,14.39
2025-01-18,Abendessen,508.77,50.6,60.02,6.03,9.07,9.04
2025-01-21,Abendessen,635.97,63.25,75.03,7.54,11.33,11.29
2025-01-27,Mittagessen,140.23,6.18,5.08,10.45,0.4,5.05
2025-01-28,Abendessen,526.98,12.66,114.82,1.62,0.0,0.74
2025-01-29,Mittagessen,461.1,11.08,100.46,1.42,0.0,0.64
2025-02-04,Mittagessen,140.23,6.18,5.08,10.45,0.4,5.05
2025-02-05,Mittagessen,658.72,15.82,143.52,2.02,0.0,0.92
2025-02-12,Mittagessen,140.23,6.18,5.08,10.45,0.4,5.05
2025-02-16,Mittagessen,123.04,2.73,7.63,8.77,1.56,6.92
2025-02-17,Mittagessen,123.04,2.73,7.63,8.77,1.56,6.92
2025-02-18,Mittagessen,906.1,21.77,197.42,2.78,0.0,1.27
2025-02-19,Mittagessen,123.04,2.73,7.63,8.77,1.56,6.92
2025-02-27,Mittagessen,362.3,8.7,78.94,1.11,0.0,0.51
2025-02-28,Mittagessen,123.04,2.73,7.63,8.77,1.56,6.92
2025-03-05,Abendessen,263.49,6.33,57.41,0.81,0.0,0.37
2025-03-07,Mittagessen,123.04,2.73,7.63,8.77,1.56,6.92
2025-03-10,Mittagessen,123.04,2.73,7.63,8.77,1.56,6.92
2025-03-14,Mittagessen,123.04,2.73,7.63,8.77,1.56,6.92
2025-03-16,Abendessen,427.37,42.5,50.42,5.07,7.62,7.59
2025-03-17,Mittagessen,123.04,2.73,7.63,8.77,1.56,6.92
2025-03-19,Mittagessen,123.04,2.73,7.63,8.77,1.56,6.92
2025-03-21,Mittagessen,123.04,2.73,7.63,8.77,1.56,6.92
2025-03-24,Mittagessen,935.68,63.7,61.79,48.01,0.38,4.86
2025-03-31,Mittagessen,123.04,2.73,7.63,8.77,1.56,6.92
2025-04-02,Mittagessen,898.32,61.16,59.32,46.09,0.36,4.66
2025-04-10,Mittagessen,123.04,2.73,7.63,8.77,1.56,6.92
2025-04-12,Mittagessen,254.39,25.3,30.01,3.02,4.53,4.52
2025-04-14,Mittagessen,898.32,61.16,59.32,46.09,0.36,4.66
2025-04-21,Abendessen,723.48,57.01,95.94,12.35,0.43,7.45
2025-04-27,Abendessen,370.28,9.08,60.62,8.26,4.59,7.33
2025-04-28,Mittagessen,333.19,8.17,54.55,7.43,4.13,6.6
2025-05-06,Mittagessen,333.19,8.17,54.55,7.43,4.13,6.6
2025-05-07,Mittagessen,555.42,13.62,90.94,12.39,6.89,11.0
2025-05-09,Mittagessen,553.11,13.29,120.51,1.7,0.0,0.77
2025-05-13,Mittagessen,723.48,57.01,95.94,12.35,0.43,7.45
2025-05-19,Mittagessen,395.23,9.49,86.11,1.21,0.0,0.55
2025-05-21,Mittagessen,333.19,8.17,54.55,7.43,4.13,6.6
2025-05-26,Mittagessen,395.23,9.49,86.11,1.21,0.0,0.55
2025-05-27,Snack,463.44,64.37,21.04,12.15,2.34,19.91
2025-05-28,Abendessen,940.87,130.68,42.72,24.67,4.75,40.42
2025-05-30,Abendessen,940.87,130.68,42.72,24.67,4.75,40.42
2025-05-31,Abendessen,9830.44,1365.37,446.33,257.8,49.68,422.3
2025-06-01,Abendessen,12639.07,1755.47,573.85,331.46,63.87,542.95
2025-06-02,Fruehstueck,267.31,20.67,10.61,14.74,3.67,9.72
2025-06-05,Mittagessen,12639.07,1755.47,573.85,331.46,63.87,542.95
2025-06-07,Fruehstueck,400.97,31.0,15.91,22.11,5.51,14.59
2025-06-07,Abendessen,11234.75,1560.42,510.09,294.63,56.77,482.62
2025-06-07,Mittagessen,529.71,72.11,15.82,17.92,3.0,12.3
2025-06-09,Abendessen,397.28,54.09,11.87,13.44,2.25,9.22
2025-06-10,Mittagessen,595.91,81.13,17.8,20.16,3.38,13.83
2025-06-16,Mittagessen,333.19,8.17,54.55,7.43,4.13,6.6
2025-07-04,Fruehstueck,333.19,8.17,54.55,7.43,4.13,6.6
2025-07-08,Fruehstueck,916.52,79.2,71.14,28.21,23.07,39.15
2025-07-08,Abendessen,10532.59,1462.9,478.21,276.21,53.22,452.46
2025-07-09,Mittagessen,804.6,73.03,54.7,32.38,0.0,2.4
2025-07-10,Fruehstueck,708.82,61.04,67.66,10.77,34.6,36.66
2025-07-10,Mittagessen,12639.07,1755.47,573.85,331.46,63.87,542.95
2025-07-29,Fruehstueck,8159.2,1133.25,370.45,213.97,41.23,350.5
2025-07-29,Abendessen,364.09,8.75,79.33,1.12,0.0,0.51
2025-07-31,Abendessen,11422.88,1586.55,518.64,299.56,57.72,490.71
2025-08-03,Mittagessen,11422.88,1586.55,518.64,299.56,57.72,490.71
2025-08-04,Mittagessen,11422.88,1586.55,518.64,299.56,57.72,490.71
2025-08-05,Mittagessen,11422.88,1586.55,518.64,299.56,57.72,490.71
2025-08-06,Mittagessen,11422.88,1586.55,518.64,299.56,57.72,490.71
2025-08-11,Mittagessen,424.59,10.2,92.51,1.3,0.0,0.59
2025-08-12,Mittagessen,123.04,2.73,7.63,8.77,1.56,6.92
2025-08-21,Mittagessen,661.39,25.75,88.97,20.83,7.05,6.1
2025-08-24,Mittagessen,853.57,57.17,75.05,33.73,8.65,3.63
2025-08-27,Mittagessen,672.82,47.07,57.72,26.43,6.5,2.94
2025-09-05,Mittagessen,1030.05,50.47,115.66,39.47,4.0,26.93
2025-09-06,Abendessen,500.04,69.45,22.7,13.11,2.53,21.48
2025-09-07,Abendessen,437.57,60.77,19.87,11.48,2.21,18.8
2025-09-09,Mittagessen,672.82,47.07,57.72,26.43,6.5,2.94
2025-09-09,Snack,375.09,52.1,17.03,9.84,1.9,16.11
2025-09-10,Abendessen,581.18,56.25,53.96,14.57,4.18,11.29
2025-09-10,Mittagessen,500.04,69.45,22.7,13.11,2.53,21.48
2025-09-11,Mittagessen,910.9,88.16,84.57,22.84,6.56,17.69
2025-09-16,Mittagessen,672.82,47.07,57.72,26.43,6.5,2.94
2025-09-17,Mittagessen,850.16,82.28,78.93,21.32,6.12,16.51
2025-09-20,Fruehstueck,740.2,53.52,89.12,16.67,8.13,42.09
2025-09-20,Mittagessen,727.38,41.77,51.41,39.94,8.73,6.86
2025-09-25,Fruehstueck,740.2,53.52,89.12,16.67,8.13,42.09
2025-09-26,Fruehstueck,586.53,39.25,65.16,16.41,8.89,25.61
2025-09-27,Fruehstueck,1026.43,68.68,114.03,28.73,15.56,44.82
2025-09-29,Fruehstueck,586.53,39.25,65.16,16.41,8.89,25.61
2025-10-02,Mittagessen,672.82,47.07,57.72,26.43,6.5,2.94
2025-11-09,Fruehstueck,596.19,60.11,66.61,10.84,6.39,17.76
2025-11-11,Fruehstueck,596.19,60.11,66.61,10.84,6.39,17.76
2025-11-13,Fruehstueck,596.19,60.11,66.61,10.84,6.39,17.76
2026-03-23,Fruehstueck,663.5,42.08,40.74,31.92,15.72,40.05
2026-04-20,Fruehstueck,461.37,44.12,10.27,25.93,1.25,6.37
2026-05-16,Mittagessen,701.61,55.04,80.07,17.0,8.8,12.97
2026-05-18,Fruehstueck,539.27,45.49,51.11,14.76,8.49,16.29
2026-05-18,Mittagessen,739.43,63.09,90.57,13.86,0.5,8.4
2026-05-19,Fruehstueck,539.27,45.49,51.11,14.76,8.49,16.29
2026-05-19,Mittagessen,258.65,14.05,21.96,9.62,3.75,11.69
2026-05-20,Fruehstueck,539.27,45.49,51.11,14.76,8.49,16.29
2026-05-21,Fruehstueck,539.27,45.49,51.11,14.76,8.49,16.29
2026-05-26,Fruehstueck,637.49,54.45,58.22,17.52,8.49,18.58
2026-05-27,Fruehstueck,637.49,54.45,58.22,17.52,8.49,18.58
2026-05-28,Fruehstueck,637.49,54.45,58.22,17.52,8.49,18.58
2026-05-29,Fruehstueck,637.49,54.45,58.22,17.52,8.49,18.58
2026-06-01,Fruehstueck,539.27,45.49,51.11,14.76,8.49,16.29
2026-06-01,Abendessen,391.21,20.94,26.91,21.66,0.29,19.35
2026-06-01,Mittagessen,858.6,72.34,107.44,13.55,7.49,15.06
2026-06-02,Abendessen,442.89,23.71,30.46,24.52,0.33,21.9
2026-06-02,Mittagessen,1397.87,117.83,158.55,28.31,15.98,31.35
2026-06-03,Fruehstueck,539.27,45.49,51.11,14.76,8.49,16.29
2026-06-03,Mittagessen,727.38,41.77,51.41,39.94,8.73,6.86
2026-06-04,Fruehstueck,686.89,53.39,61.26,22.93,8.6,23.59
2026-06-05,Fruehstueck,539.27,45.49,51.11,14.76,8.49,16.29
2026-06-06,Fruehstueck,1078.54,90.99,102.21,29.52,16.97,32.58
2026-06-07,Fruehstueck,539.27,45.49,51.11,14.76,8.49,16.29
2026-06-08,Fruehstueck,490.35,22.2,31.9,26.1,14.72,28.82
2026-06-08,Mittagessen,666.07,93.89,14.41,26.99,3.05,9.88
2026-06-09,Fruehstueck,511.79,37.99,49.13,12.8,17.22,24.06
2026-06-10,Fruehstueck,539.27,45.49,51.11,14.76,8.49,16.29
2026-06-10,Mittagessen,666.07,93.89,14.41,26.99,3.05,9.88
2026-06-11,Fruehstueck,490.35,22.2,31.9,26.1,14.72,28.82
2026-06-11,Abendessen,180.37,25.43,3.9,7.31,0.83,2.68
2026-06-12,Fruehstueck,511.79,37.99,49.13,12.8,17.22,24.06
2026-06-14,Fruehstueck,482.15,24.44,47.74,15.62,21.41,22.6
2026-06-15,Fruehstueck,792.3,57.33,52.2,35.88,13.33,19.93
2026-06-16,Fruehstueck,792.3,57.33,52.2,35.88,13.33,19.93
2026-06-17,Fruehstueck,792.3,57.33,52.2,35.88,13.33,19.93
2026-06-18,Fruehstueck,792.3,57.33,52.2,35.88,13.33,19.93
2026-06-19,Fruehstueck,792.3,57.33,52.2,35.88,13.33,19.93
2026-06-19,Abendessen,508.77,50.6,60.02,6.03,9.07,9.04
2026-06-20,Fruehstueck,508.77,50.6,60.02,6.03,9.07,9.04
2026-06-20,Abendessen,387.53,22.03,55.49,8.39,7.07,4.34
2026-06-22,Abendessen,727.38,41.77,51.41,39.94,8.73,6.86
2026-06-23,Mittagessen,389.73,52.84,2.57,18.37,0.63,0.89
2026-06-24,Abendessen,682.3,62.81,25.67,38.28,3.96,9.58
2026-06-25,Mittagessen,682.3,62.81,25.67,38.28,3.96,9.58
2026-06-26,Mittagessen,389.73,52.84,2.57,18.37,0.63,0.89
2026-06-28,Abendessen,341.76,35.65,6.85,17.67,6.0,6.85
2026-06-29,Fruehstueck,637.49,54.45,58.22,17.52,8.49,18.58
2026-06-29,Mittagessen,427.2,44.56,8.57,22.09,7.5,8.57
2026-06-30,Fruehstueck,637.49,54.45,58.22,17.52,8.49,18.58
2026-07-01,Fruehstueck,637.49,54.45,58.22,17.52,8.49,18.58
2026-07-01,Mittagessen,778.51,37.94,89.6,27.5,6.9,16.49
2026-07-02,Fruehstueck,637.49,54.45,58.22,17.52,8.49,18.58
2026-07-02,Abendessen,786.94,38.35,90.57,27.79,6.97,16.66
2026-07-02,Mittagessen,786.94,38.35,90.57,27.79,6.97,16.66
2026-07-03,Fruehstueck,637.49,54.45,58.22,17.52,8.49,18.58
2026-07-05,Abendessen,523.2,48.81,65.93,6.08,5.87,8.37
2026-07-05,Snack,845.46,44.46,105.05,24.94,11.46,15.63
2026-07-06,Fruehstueck,439.66,37.14,24.89,15.9,21.15,16.0
2026-07-06,Mittagessen,523.2,48.81,65.93,6.08,5.87,8.37
2026-07-07,Fruehstueck,439.66,37.14,24.89,15.9,21.15,16.0
2026-07-07,Abendessen,404.09,18.04,60.43,6.84,1.6,13.51
2026-07-07,Mittagessen,845.46,44.46,105.05,24.94,11.46,15.63
